TeamName,Player,Pos,Exp,Options                 Minor,Status,Payroll Salary,Payroll Salary                 Adjusted,Base Salary,Signing Bonus
Atlanta Braves,Olson                   Matt Olson,1B,6.103,0,Veteran,22000000.00,22000000.00,22000000.00,-
Atlanta Braves,Morton                   Charlie Morton,SP,15.01,0,Veteran,20000000.00,20000000.00,20000000.00,-
Atlanta Braves,Sale                   Chris Sale,SP,13.061,0,Veteran,17100000.00,-,16000000.00,-
Atlanta Braves,Iglesias                   Raisel Iglesias,RP,8.154,0,Veteran,16000000.00,16000000.00,16000000.00,-
Atlanta Braves,Ozuna                   Marcell Ozuna,DH,10.124,0,Veteran,16000000.00,16000000.00,16000000.00,-
Atlanta Braves,Fried                   Max Fried,SP,5.148,0,Arbitration 4 (S2),15000000.00,15000000.00,15000000.00,-
Atlanta Braves,Soler                   Jorge Soler,RF,8.143,0,Veteran,10000000.00,2370968.00,7000000.00,3000000.00
Atlanta Braves,Murphy                   Sean Murphy,C,4.029,0,Arbitration 2,9000000.00,9000000.00,9000000.00,-
Atlanta Braves,d'Arnaud                   Travis d'Arnaud,C,10.044,0,Veteran,8000000.00,8000000.00,8000000.00,-
Atlanta Braves,Jimenez                   Joe Jimenez,RP,6.061,0,Veteran,8000000.00,8000000.00,8000000.00,-
Atlanta Braves,Albies                   Ozzie Albies,2B,6.062,0,Veteran,7000000.00,7000000.00,7000000.00,-
Atlanta Braves,Johnson                   Pierce Johnson,RP,4.137,0,Veteran,7000000.00,7000000.00,7000000.00,-
Atlanta Braves,Jackson                   Luke Jackson,RP,7.019,0,Veteran,6500000.00,2131706.00,6500000.00,-
Atlanta Braves,Bummer                   Aaron Bummer,RP,5.15,0,Arbitration 4 Bypassed,5500000.00,5500000.00,5500000.00,-
Atlanta Braves,Harris II                   Michael Harris II,CF,2,3,Pre-Arbitration Bypassed,5000000.00,5000000.00,5000000.00,-
Atlanta Braves,López                   Reynaldo López,SP,6.004,0,Veteran,4000000.00,4000000.00,4000000.00,-
Atlanta Braves,Duvall                   Adam Duvall,RF,7.151,0,Veteran,3000000.00,3000000.00,3000000.00,-
Atlanta Braves,Arcia                   Orlando Arcia,SS,6.114,0,Veteran,2000000.00,2000000.00,2000000.00,-
Atlanta Braves,Lee                   Dylan Lee,RP,1.15,2,Pre-Arbitration,760000.00,719136.00,760000.00,-
Atlanta Braves,Kelenic                   Jarred Kelenic,LF,1.169,1,Pre-Arbitration,760000.00,760000.00,760000.00,-
Atlanta Braves,Hernández                   Daysbel Hernández,RP,0.071,1,Pre-Arbitration,740000.00,159139.00,740000.00,-
Atlanta Braves,Urshela                   Giovanny Urshela,3B,6.127,0,Veteran,740000.00,163098.00,740000.00,-
Atlanta Braves,White                   Eli White,OF,2.087,0,Pre-Arbitration,740000.00,202878.00,740000.00,-
Atlanta Braves,Merrifield                   Whit Merrifield,2B,7.101,0,Veteran,740000.00,274482.00,740000.00,-
Atlanta Braves,Holmes                   Grant Holmes,RP,,0,Pre-Arbitration,740000.00,417690.00,740000.00,-
Atlanta Braves,Laureano                   Ramon Laureano,LF,4.165,0,Arbitration 3,740000.00,421668.00,740000.00,-
Atlanta Braves,Schwellenbach                   Spencer Schwellenbach,SP,,3,Pre-Arbitration,740000.00,493333.00,740000.00,-
Atlanta Braves,Chavez                   Jesse Chavez,RP,13.038,0,Veteran,740000.00,740000.00,740000.00,-
Atlanta Braves,Riley                   Austin Riley,3B,4.138,0,Arbitration 3 Bypassed,21000000.00,21000000.00,21000000.00,-
Atlanta Braves,Acuña Jr.                   Ronald Acuña Jr.,RF,5.159,0,Arbitration 4 Bypassed,17000000.00,17000000.00,17000000.00,-
Atlanta Braves,Minter                   A.J. Minter,RP,5.154,0,Arbitration 4 (S2),6220000.00,6220000.00,6220000.00,-
Atlanta Braves,Strider                   Spencer Strider,SP,2.003,3,Pre-Arbitration Bypassed,1000000.00,1000000.00,1000000.00,-
Atlanta Braves,Ynoa                   Huascar Ynoa,SP,3.011,1,Arbitration 1,825000.00,825000.00,825000.00,-
Atlanta Braves,Kerr                   Ray Kerr,RP,0.109,1,Pre-Arbitration,740000.00,243814.00,740000.00,-
Atlanta Braves,Perdomo                   Angel Perdomo,RP,1.131,0,Pre-Arbitration,740000.00,740000.00,740000.00,-
Arizona Diamondbacks,Montgomery                   Jordan Montgomery,SP,6.153,0,Veteran,25000000.00,25000000.00,25000000.00,-
Arizona Diamondbacks,Bell                   Josh Bell,1B,7.053,0,Veteran,16500000.00,2250000.00,16500000.00,-
Arizona Diamondbacks,Rodriguez                   Eduardo Rodriguez,SP,8.07,0,Veteran,14000000.00,14000000.00,14000000.00,-
Arizona Diamondbacks,Marte                   Ketel Marte,2B,7.162,0,Veteran,13600000.00,13600000.00,13000000.00,600000.00
Arizona Diamondbacks,Suarez                   Eugenio Suarez,3B,9.061,0,Veteran,11285716.00,11285716.00,11000000.00,285716.00
Arizona Diamondbacks,Walker                   Christian Walker,1B,5.124,0,Arbitration 3,10900000.00,10900000.00,10900000.00,-
Arizona Diamondbacks,Gallen                   Zac Gallen,SP,4.1,0,Arbitration 2,10011000.00,10011000.00,10011000.00,-
Arizona Diamondbacks,Gurriel Jr.                   Lourdes Gurriel Jr.,LF,5.094,0,Veteran,10000000.00,10000000.00,10000000.00,-
Arizona Diamondbacks,Pederson                   Joc Pederson,DH,9.028,0,Veteran,9500000.00,9500000.00,9500000.00,-
Arizona Diamondbacks,Kelly                   Merrill Kelly,SP,5,0,Veteran,8500000.00,8500000.00,8000000.00,500000.00
Arizona Diamondbacks,Carroll                   Corbin Carroll,RF,1.038,3,Pre-Arbitration Bypassed,3625000.00,3625000.00,3000000.00,625000.00
Arizona Diamondbacks,McGough                   Scott McGough,RP,1.046,0,Veteran,3000000.00,3000000.00,3000000.00,-
Arizona Diamondbacks,Puk                   A.J. Puk,RP,3.124,2,Arbitration 1,1800000.00,638710.00,1800000.00,-
Arizona Diamondbacks,Grichuk                   Randal Grichuk,RF,9.033,0,Veteran,1500000.00,1500000.00,1500000.00,-
Arizona Diamondbacks,Thompson                   Ryan Thompson,RP,3.095,2,Arbitration 2,1350000.00,1350000.00,1350000.00,-
Arizona Diamondbacks,Ginkel                   Kevin Ginkel,RP,3.033,2,Arbitration 1,1225000.00,1225000.00,1225000.00,-
Arizona Diamondbacks,Smith                   Pavin Smith,OF,2.091,0,Pre-Arbitration,1000000.00,508968.00,1000000.00,-
Arizona Diamondbacks,Newman                   Kevin Newman,SS,5.046,0,Veteran,1000000.00,946237.00,1000000.00,-
Arizona Diamondbacks,Mantiply                   Joe Mantiply,RP,3.029,2,Arbitration 1,925000.00,925000.00,925000.00,-
Arizona Diamondbacks,Martinez                   Justin Martinez,RP,0.031,1,Pre-Arbitration,850000.00,754050.00,850000.00,-
Arizona Diamondbacks,Perdomo                   Geraldo Perdomo,SS,2.015,2,Pre-Arbitration,786000.00,786000.00,786000.00,-
Arizona Diamondbacks,Thomas                   Alek Thomas,CF,1.132,1,Pre-Arbitration,769500.00,591591.00,769500.00,-
Arizona Diamondbacks,McCarthy                   Jake McCarthy,CF,1.124,1,Pre-Arbitration,766000.00,766000.00,766000.00,-
Arizona Diamondbacks,Nelson                   Ryne Nelson,SP,1.02,2,Pre-Arbitration,764300.00,764300.00,764300.00,-
Arizona Diamondbacks,Moreno                   Gabriel Moreno,C,1.061,1,Pre-Arbitration,760100.00,760100.00,760100.00,-
Arizona Diamondbacks,Pfaadt                   Brandon Pfaadt,SP,0.097,2,Pre-Arbitration,754400.00,754400.00,754400.00,-
Arizona Diamondbacks,Hughes                   Brandon Hughes,RP,1.141,3,Pre-Arbitration,740000.00,167076.00,740000.00,-
Arizona Diamondbacks,Herrera                   Jose Herrera,C,1.093,0,Pre-Arbitration,740000.00,393822.00,740000.00,-
Arizona Diamondbacks,Sewald                   Paul Sewald,RP,5.072,0,Arbitration 3,7350000.00,7350000.00,7350000.00,-
Arizona Diamondbacks,Nelson                   Kyle Nelson,RP,2.076,1,Pre-Arbitration,757300.00,757300.00,757300.00,-
Arizona Diamondbacks,Jameson                   Drey Jameson,RP,1.003,1,Pre-Arbitration,749700.00,749700.00,749700.00,-
Arizona Diamondbacks,Jarvis                   Bryce Jarvis,RP,0.04,1,Pre-Arbitration,743600.00,743600.00,743600.00,-
Oakland Athletics,Stripling                   Ross Stripling,RP,7.115,0,Veteran,12500000.00,9250000.00,12500000.00,-
Oakland Athletics,Brown                   Seth Brown,LF,3.104,2,Arbitration 1,2600000.00,2600000.00,2600000.00,-
Oakland Athletics,Alexander                   Scott Alexander,RP,6.08,0,Veteran,2400000.00,2400000.00,2250000.00,-
Oakland Athletics,McFarland                   T.J. McFarland,RP,8.05,0,Veteran,1500000.00,1500000.00,1500000.00,-
Oakland Athletics,Rooker                   Brent Rooker,DH,2.059,1,Pre-Arbitration,750000.00,750000.00,750000.00,-
Oakland Athletics,Allen                   Nick Allen,SS,1.094,0,Pre-Arbitration,745000.00,276345.00,745000.00,-
Oakland Athletics,Sears                   JP Sears,SP,1.081,2,Pre-Arbitration,745000.00,745000.00,745000.00,-
Oakland Athletics,Langeliers                   Shea Langeliers,C,1.051,3,Pre-Arbitration,745000.00,745000.00,745000.00,-
Oakland Athletics,Bleday                   J.J. Bleday,CF,1.055,1,Pre-Arbitration,745000.00,745000.00,745000.00,-
Oakland Athletics,Ginn                   J.T. Ginn,SP,,3,Pre-Arbitration,740000.00,163118.00,740000.00,-
Oakland Athletics,Holman                   Grant Holman,RP,,2,Pre-Arbitration,740000.00,175032.00,740000.00,-
Oakland Athletics,Wilson                   Jacob Wilson,SS,,3,Pre-Arbitration,740000.00,286416.00,740000.00,-
Oakland Athletics,Otanez                   Michel Otanez,RP,,1,Pre-Arbitration,740000.00,346086.00,740000.00,-
Oakland Athletics,Boyle                   Joe Boyle,RP,0.015,2,Pre-Arbitration,740000.00,393822.00,740000.00,-
Oakland Athletics,Harris                   Hogan Harris,RP,0.07,0,Pre-Arbitration,740000.00,397800.00,740000.00,-
Oakland Athletics,Ferguson                   Tyler Ferguson,RP,,1,Pre-Arbitration,740000.00,441558.00,740000.00,-
Oakland Athletics,Cameron                   Daz Cameron,LF,1.032,0,Pre-Arbitration,740000.00,521118.00,740000.00,-
Oakland Athletics,Estes                   Joey Estes,SP,0.012,1,Pre-Arbitration,740000.00,564876.00,740000.00,-
Oakland Athletics,Hernaiz                   Darell Hernaiz,SS,,1,Pre-Arbitration,740000.00,596700.00,740000.00,-
Oakland Athletics,Butler                   Lawrence Butler,RF,0.052,1,Pre-Arbitration,740000.00,600678.00,740000.00,-
Oakland Athletics,Soderstrom                   Tyler Soderstrom,1B,0.069,2,Pre-Arbitration,740000.00,620568.00,740000.00,-
Oakland Athletics,Muller                   Kyle Muller,RP,0.149,0,Pre-Arbitration,740000.00,624546.00,740000.00,-
Oakland Athletics,Nevin                   Tyler Nevin,1B,1.04,0,Pre-Arbitration,740000.00,640458.00,740000.00,-
Oakland Athletics,Schuemann                   Max Schuemann,3B,,3,Pre-Arbitration,740000.00,684216.00,740000.00,-
Oakland Athletics,Spence                   Mitch Spence,SP,,2,Pre-Arbitration,740000.00,740000.00,740000.00,-
Oakland Athletics,Miller                   Mason Miller,RP,0.166,3,Pre-Arbitration,740000.00,740000.00,740000.00,-
Oakland Athletics,McCann                   Kyle McCann,C,,3,Pre-Arbitration,740000.00,740000.00,740000.00,-
Oakland Athletics,Gelof                   Zack Gelof,2B,0.08,2,Pre-Arbitration,740000.00,740000.00,740000.00,-
Oakland Athletics,Wood                   Alex Wood,SP,10.123,0,Veteran,8500000.00,8500000.00,8500000.00,-
Oakland Athletics,Andujar                   Miguel Andujar,3B,4.053,0,Arbitration 3,1700000.00,1700000.00,1700000.00,-
Oakland Athletics,Gott                   Trevor Gott,RP,5.057,0,Veteran,1500000.00,1500000.00,1500000.00,-
Oakland Athletics,Adams                   Austin Adams,RP,4.15,0,Veteran,1300000.00,1300000.00,800000.00,-
Oakland Athletics,Bido                   Osvaldo Bido,SP,0.079,0,Pre-Arbitration,750000.00,411264.00,750000.00,-
Oakland Athletics,Ruiz                   Esteury Ruiz,LF,1.029,2,Pre-Arbitration,745000.00,688860.00,745000.00,-
Oakland Athletics,Waldichuk                   Ken Waldichuk,SP,1.035,2,Pre-Arbitration,745000.00,745000.00,745000.00,-
Oakland Athletics,Medina                   Luis Medina,SP,0.146,0,Pre-Arbitration,740000.00,740000.00,740000.00,-
Baltimore Orioles,Burnes                   Corbin Burnes,SP,5.049,0,Arbitration 3,15637000.00,15637000.00,15637000.00,-
Baltimore Orioles,McCann                   James McCann,C,9.028,0,Veteran,12150000.00,4000000.00,12000000.00,150000.00
Baltimore Orioles,Santander                   Anthony Santander,RF,5.162,0,Arbitration 4 (S2),11700000.00,11700000.00,11700000.00,-
Baltimore Orioles,Eflin                   Zach Eflin,SP,7.018,0,Veteran,11000000.00,3844100.00,11000000.00,-
Baltimore Orioles,Mullins                   Cedric Mullins,CF,4.078,0,Arbitration 2,6325000.00,6325000.00,6325000.00,-
Baltimore Orioles,Soto                   Gregory Soto,RP,4.102,0,Arbitration 2,5000000.00,1666667.00,5000000.00,-
Baltimore Orioles,Dominguez                   Seranthony Dominguez,RP,5.131,0,Arbitration 4 Bypassed,4250000.00,1508065.00,4250000.00,-
Baltimore Orioles,Mountcastle                   Ryan Mountcastle,1B,3.105,2,Arbitration 1,4137500.00,4137500.00,4137500.00,-
Baltimore Orioles,Slater                   Austin Slater,LF,5.147,0,Arbitration 4 (S2),4000000.00,246667.00,4000000.00,-
Baltimore Orioles,O'Hearn                   Ryan O'Hearn,1B,4.17,0,Arbitration 3,3500000.00,3500000.00,3500000.00,-
Baltimore Orioles,Coulombe                   Danny Coulombe,RP,5.008,0,Arbitration 3,2300000.00,2300000.00,2300000.00,-
Baltimore Orioles,Urias                   Ramon Urias,3B,3.025,0,Arbitration 1,2100000.00,2100000.00,2100000.00,-
Baltimore Orioles,Perez                   Cionel Perez,RP,3.085,0,Arbitration 1,1200000.00,1200000.00,1200000.00,-
Baltimore Orioles,Webb                   Jacob Webb,RP,3.046,0,Arbitration 1,1000000.00,1000000.00,1000000.00,-
Baltimore Orioles,Akin                   Keegan Akin,RP,3.083,1,Arbitration 1,825000.00,235055.00,825000.00,-
Baltimore Orioles,Rutschman                   Adley Rutschman,C,2,3,Pre-Arbitration,760300.00,760300.00,760300.00,-
Baltimore Orioles,Kremer                   Dean Kremer,SP,2.112,1,Pre-Arbitration,756600.00,756600.00,756600.00,-
Baltimore Orioles,Henderson                   Gunnar Henderson,SS,1.036,3,Pre-Arbitration,756200.00,756200.00,756200.00,-
Baltimore Orioles,Cano                   Yennier Cano,RP,1.065,2,Pre-Arbitration,752300.00,752300.00,752300.00,-
Baltimore Orioles,Westburg                   Jordan Westburg,2B,0.098,3,Pre-Arbitration,745800.00,745800.00,745800.00,-
Baltimore Orioles,Cowser                   Colton Cowser,LF,0.043,2,Pre-Arbitration,742800.00,742800.00,742800.00,-
Baltimore Orioles,Selby                   Colin Selby,RP,0.055,1,Pre-Arbitration,740000.00,19890.00,740000.00,-
Baltimore Orioles,Bowman                   Matt Bowman,RP,4.043,0,Veteran,740000.00,151164.00,740000.00,-
Baltimore Orioles,Rivera                   Emmanuel Rivera,3B,2.026,0,Pre-Arbitration,740000.00,155142.00,740000.00,-
Baltimore Orioles,Holliday                   Jackson Holliday,2B,,2,Pre-Arbitration,740000.00,310322.00,740000.00,-
Baltimore Orioles,Povich                   Cade Povich,SP,,2,Pre-Arbitration,740000.00,318279.00,740000.00,-
Baltimore Orioles,Kjerstad                   Heston Kjerstad,OF,0.018,2,Pre-Arbitration,740000.00,473440.00,740000.00,-
Baltimore Orioles,Suarez                   Albert Suarez,SP,1.025,0,Pre-Arbitration,740000.00,656370.00,740000.00,-
Baltimore Orioles,Means                   John Means,SP,5.007,0,Arbitration 3,3325000.00,3325000.00,3325000.00,-
Baltimore Orioles,Mateo                   Jorge Mateo,SS,4,0,Arbitration 2,2700000.00,2700000.00,2700000.00,-
Baltimore Orioles,Wells                   Tyler Wells,SP,2.132,2,Arbitration 1 (S2),1962500.00,1962500.00,1962500.00,-
Baltimore Orioles,Bautista                   Félix Bautista,RP,2,3,Pre-Arbitration Bypassed,1000000.00,1000000.00,1000000.00,-
Baltimore Orioles,Bradish                   Kyle Bradish,SP,1.16,2,Pre-Arbitration,754500.00,754500.00,754500.00,-
Baltimore Orioles,Rodriguez                   Grayson Rodriguez,SP,0.129,2,Pre-Arbitration,748300.00,748300.00,748300.00,-
Baltimore Orioles,Smith                   Burch Smith,RP,4.092,1,Veteran,740000.00,318240.00,740000.00,-
Boston Red Sox,Story                   Trevor Story,SS,8,0,Veteran,22500000.00,22500000.00,22500000.00,-
Boston Red Sox,Yoshida                   Masataka Yoshida,DH,1,3,Veteran,18600000.00,18600000.00,18000000.00,600000.00
Boston Red Sox,Pivetta                   Nick Pivetta,SP,5.166,0,Arbitration 3,7500000.00,7500000.00,7500000.00,-
Boston Red Sox,Martin                   Chris Martin,RP,6.133,0,Veteran,7500000.00,7500000.00,7500000.00,-
Boston Red Sox,O'Neill                   Tyler O'Neill,LF,5.059,0,Arbitration 3,5850000.00,5850000.00,5850000.00,-
Boston Red Sox,Jansen                   Danny Jansen,C,5.05,0,Arbitration 3,5200000.00,1817204.00,5200000.00,-
Boston Red Sox,Garcia                   Luis Garcia,RP,8.006,0,Veteran,4250000.00,1370940.00,4250000.00,-
Boston Red Sox,Sims                   Lucas Sims,RP,5.014,0,Arbitration 3,2850000.00,919380.00,2850000.00,-
Boston Red Sox,Rafaela                   Ceddanne Rafaela,CF,0.035,2,Pre-Arbitration Bypassed,1250000.00,1250000.00,1000000.00,250000.00
Boston Red Sox,Bello                   Brayan Bello,SP,1.082,2,Veteran,1166666.00,1166666.00,1000000.00,166667.00
Boston Red Sox,Houck                   Tanner Houck,SP,2.1,2,Pre-Arbitration,770000.00,770000.00,770000.00,-
Boston Red Sox,Winckowski                   Josh Winckowski,RP,1.074,1,Pre-Arbitration,760000.00,623009.00,760000.00,-
Boston Red Sox,Wong                   Connor Wong,C,1.079,1,Pre-Arbitration,760000.00,760000.00,760000.00,-
Boston Red Sox,Duran                   Jarren Duran,CF,1.151,2,Pre-Arbitration,760000.00,760000.00,760000.00,-
Boston Red Sox,Crawford                   Kutter Crawford,SP,1.136,2,Pre-Arbitration,760000.00,760000.00,760000.00,-
Boston Red Sox,Casas                   Triston Casas,1B,1.032,3,Pre-Arbitration,760000.00,760000.00,760000.00,-
Boston Red Sox,Abreu                   Wilyer Abreu,RF,0.041,2,Pre-Arbitration,749500.00,749500.00,749500.00,-
Boston Red Sox,Valdez                   Enmanuel Valdez,2B,0.077,1,Pre-Arbitration,743500.00,447664.00,743500.00,-
Boston Red Sox,Weissert                   Greg Weissert,RP,0.088,1,Pre-Arbitration,743500.00,643517.00,743500.00,-
Boston Red Sox,Grissom                   Vaughn Grissom,SS,0.094,1,Pre-Arbitration,742000.00,570427.00,742000.00,-
Boston Red Sox,Priester                   Quinn Priester,SP,0.049,1,Pre-Arbitration,740000.00,3978.00,740000.00,-
Boston Red Sox,Shugart                   Chase Shugart,RP,,2,Pre-Arbitration,740000.00,71604.00,740000.00,-
Boston Red Sox,Fitts                   Richard Fitts,SP,,3,Pre-Arbitration,740000.00,87526.00,740000.00,-
Boston Red Sox,Guerrero                   Luis Guerrero,RP,,3,Pre-Arbitration,740000.00,95483.00,740000.00,-
Boston Red Sox,Gasper                   Mickey Gasper,1B,,3,Pre-Arbitration,740000.00,135252.00,740000.00,-
Boston Red Sox,Sogard                   Nick Sogard,2B,,3,Pre-Arbitration,740000.00,194922.00,740000.00,-
Boston Red Sox,Gonzalez                   Romy Gonzalez,3B,1.083,2,Pre-Arbitration,740000.00,688194.00,740000.00,-
Boston Red Sox,Slaten                   Justin Slaten,RP,,0,Pre-Arbitration,740000.00,740000.00,740000.00,-
Boston Red Sox,Devers                   Rafael Devers,3B,6.07,0,Veteran,29318181.00,29318181.00,27500000.00,1818182.00
Boston Red Sox,Giolito                   Lucas Giolito,SP,6.08,0,Veteran,18000000.00,18000000.00,18000000.00,-
Boston Red Sox,Jansen                   Kenley Jansen,RP,13.072,0,Veteran,16000000.00,16000000.00,16000000.00,-
Boston Red Sox,Paxton                   James Paxton,SP,9.151,0,Veteran,7000000.00,2483871.00,4000000.00,3000000.00
Boston Red Sox,Whitlock                   Garrett Whitlock,SP,3,3,Arbitration 1 Bypassed,3500000.00,3500000.00,3250000.00,250000.00
Boston Red Sox,Hendriks                   Liam Hendriks,RP,9.164,0,Veteran,2000000.00,2000000.00,2000000.00,-
Boston Red Sox,Refsnyder                   Rob Refsnyder,RF,5.048,0,Veteran,1850000.00,1850000.00,1850000.00,-
Boston Red Sox,Campbell                   Isaiah Campbell,RP,0.086,2,Pre-Arbitration,746000.00,385056.00,746000.00,-
Boston Red Sox,Murphy                   Chris Murphy,P,0.081,2,Pre-Arbitration,743500.00,743500.00,743500.00,-
Boston Red Sox,Bernardino                   Brennan Bernardino,RP,0.153,1,Pre-Arbitration,740000.00,680238.00,740000.00,-
Boston Red Sox,Hamilton                   David Hamilton,SS,0.02,2,Pre-Arbitration,740000.00,700128.00,740000.00,-
Boston Red Sox,Mata                   Bryan Mata,SP,,0,Pre-Arbitration,740000.00,740000.00,740000.00,-
Chicago Cubs,Bellinger                   Cody Bellinger,RF,6.16,0,Veteran,27500000.00,27500000.00,27500000.00,-
Chicago Cubs,Swanson                   Dansby Swanson,SS,7.047,0,Veteran,26000000.00,26000000.00,25000000.00,1000000.00
Chicago Cubs,Suzuki                   Seiya Suzuki,DH,2,3,Veteran,21000000.00,21000000.00,20000000.00,1000000.00
Chicago Cubs,Happ                   Ian Happ,LF,6.036,0,Veteran,21000000.00,21000000.00,20000000.00,1000000.00
Chicago Cubs,Taillon                   Jameson Taillon,SP,7.11,0,Veteran,18000000.00,18000000.00,18000000.00,-
Chicago Cubs,Hendricks                   Kyle Hendricks,SP,9.081,0,Veteran,16500000.00,16500000.00,16500000.00,-
Chicago Cubs,Hoerner                   Nico Hoerner,2B,4.014,0,Arbitration 2 Bypassed,11500000.00,11500000.00,11500000.00,-
Chicago Cubs,Smyly                   Drew Smyly,RP,11.143,0,Veteran,10500000.00,10500000.00,10500000.00,-
Chicago Cubs,Imanaga                   Shota Imanaga,SP,,0,Veteran,9250000.00,9250000.00,9000000.00,250000.00
Chicago Cubs,Steele                   Justin Steele,SP,2.143,0,Arbitration 1 (S2),4000000.00,4000000.00,4000000.00,-
Chicago Cubs,Paredes                   Isaac Paredes,3B,2.16,0,Arbitration 1 (S2),3400000.00,1169892.00,3400000.00,-
Chicago Cubs,Wisdom                   Patrick Wisdom,3B,3.058,3,Arbitration 1,2725000.00,2725000.00,2725000.00,-
Chicago Cubs,Tauchman                   Mike Tauchman,CF,3.143,0,Arbitration 1,1950000.00,1950000.00,1950000.00,-
Chicago Cubs,Pearson                   Nate Pearson,RP,3.005,1,Arbitration 1,800000.00,275264.00,800000.00,-
Chicago Cubs,Assad                   Javier Assad,SP,1.027,2,Pre-Arbitration,755000.00,755000.00,755000.00,-
Chicago Cubs,Amaya                   Miguel Amaya,C,0.13,0,Pre-Arbitration,746500.00,746500.00,746500.00,-
Chicago Cubs,Busch                   Michael Busch,1B,0.045,2,Pre-Arbitration,741500.00,741500.00,741500.00,-
Chicago Cubs,Kilian                   Caleb Kilian,SP,0.02,1,Pre-Arbitration,740500.00,525492.00,740500.00,-
Chicago Cubs,Alcantara                   Kevin Alcantara,OF,,1,Pre-Arbitration,740000.00,15912.00,740000.00,-
Chicago Cubs,Paredes                   Enoli Paredes,RP,1.103,0,Pre-Arbitration,740000.00,19890.00,740000.00,-
Chicago Cubs,Vazquez                   Luis Vazquez,SS,,2,Pre-Arbitration,740000.00,186989.00,740000.00,-
Chicago Cubs,Bethancourt                   Christian Bethancourt,C,4.038,0,Arbitration 2,740000.00,258570.00,740000.00,-
Chicago Cubs,Roberts                   Ethan Roberts,RP,2,2,Pre-Arbitration,740000.00,343862.00,740000.00,-
Chicago Cubs,Hodge                   Porter Hodge,RP,,3,Pre-Arbitration,740000.00,497311.00,740000.00,-
Chicago Cubs,Thompson                   Keegan Thompson,RP,2.034,0,Pre-Arbitration,740000.00,533052.00,740000.00,-
Chicago Cubs,Miller                   Tyson Miller,RP,0.071,0,Pre-Arbitration,740000.00,548964.00,740000.00,-
Chicago Cubs,Crow-Armstrong                   Pete Crow-Armstrong,CF,0.021,2,Pre-Arbitration,740000.00,592795.00,740000.00,-
Chicago Cubs,Wesneski                   Hayden Wesneski,SP,1.008,1,Pre-Arbitration,740000.00,636480.00,740000.00,-
Chicago Cubs,Alzolay                   Adbert Alzolay,RP,3.05,0,Arbitration 1,2110000.00,2110000.00,2110000.00,-
Chicago Cubs,Almonte                   Yency Almonte,RP,4.143,0,Arbitration 2,1900000.00,1900000.00,1900000.00,-
Chicago Cubs,Madrigal                   Nick Madrigal,2B,3.164,1,Arbitration 2 (S2),1810000.00,1810000.00,1810000.00,-
Chicago Cubs,Merryweather                   Julian Merryweather,RP,3.109,0,Arbitration 1,1175000.00,1175000.00,1175000.00,-
Chicago Cubs,Wicks                   Jordan Wicks,SP,0.037,3,Pre-Arbitration,741500.00,741500.00,741500.00,-
Chicago Cubs,Little                   Luke Little,RP,0.14,2,Pre-Arbitration,740500.00,207021.00,740500.00,-
Chicago Cubs,Davis                   Brennen Davis,OF,,2,Pre-Arbitration,740000.00,63648.00,740000.00,-
Chicago Cubs,López                   Jorge López,RP,5.102,0,Veteran,740000.00,369954.00,740000.00,-
Chicago Cubs,Brewer                   Colten Brewer,RP,2.069,0,Pre-Arbitration,740000.00,656370.00,740000.00,-
Chicago Cubs,Brown                   Ben Brown,RP,,2,Pre-Arbitration,740000.00,732043.00,740000.00,-
Chicago White Sox,Moncada                   Yoan Moncada,3B,6.106,0,Veteran,24800000.00,24800000.00,24000000.00,800000.00
Chicago White Sox,Benintendi                   Andrew Benintendi,LF,7.062,0,Veteran,17100000.00,17100000.00,16500000.00,600000.00
Chicago White Sox,Robert Jr.                   Luis Robert Jr.,CF,4,3,Arbitration 2 Bypassed,12500000.00,12500000.00,12500000.00,-
Chicago White Sox,Lopez                   Nicky Lopez,SS,4.139,0,Arbitration 3 (S2),4300000.00,4300000.00,4300000.00,-
Chicago White Sox,Vaughn                   Andrew Vaughn,1B,3,3,Arbitration 1,3250000.00,3250000.00,3250000.00,-
Chicago White Sox,Soroka                   Michael Soroka,SP,5.009,0,Arbitration 4 (S2),3000000.00,3000000.00,3000000.00,-
Chicago White Sox,Flexen                   Chris Flexen,SP,3.107,0,Veteran,2750000.00,2750000.00,1750000.00,-
Chicago White Sox,De Los Santos                   Enyel De Los Santos,RP,3.015,0,Arbitration 1,1160000.00,268191.00,1160000.00,-
Chicago White Sox,Crochet                   Garrett Crochet,SP,3.028,3,Arbitration 1,800000.00,800000.00,800000.00,-
Chicago White Sox,Sheets                   Gavin Sheets,RF,2.076,1,Pre-Arbitration,756950.00,756950.00,756950.00,-
Chicago White Sox,Lee                   Korey Lee,C,0.071,1,Pre-Arbitration,745000.00,745000.00,745000.00,-
Chicago White Sox,Fletcher                   Dominic Fletcher,RF,0.062,1,Pre-Arbitration,742900.00,595106.00,742900.00,-
Chicago White Sox,Eder                   Jake Eder,SP,,2,Pre-Arbitration,740000.00,71226.00,740000.00,-
Chicago White Sox,Burke                   Sean Burke,SP,,3,Pre-Arbitration,740000.00,79569.00,740000.00,-
Chicago White Sox,Iriarte                   Jairo Iriarte,RP,,2,Pre-Arbitration,740000.00,115376.00,740000.00,-
Chicago White Sox,Berroa                   Prelander Berroa,RP,0.005,1,Pre-Arbitration,740000.00,159139.00,740000.00,-
Chicago White Sox,DeLoach                   Zach DeLoach,OF,,2,Pre-Arbitration,740000.00,163098.00,740000.00,-
Chicago White Sox,Varland                   Gus Varland,RP,0.102,1,Pre-Arbitration,740000.00,171054.00,740000.00,-
Chicago White Sox,Amaya                   Jacob Amaya,SS,0.01,0,Pre-Arbitration,740000.00,171054.00,740000.00,-
Chicago White Sox,Ramos                   Bryan Ramos,3B,,1,Pre-Arbitration,740000.00,210860.00,740000.00,-
Chicago White Sox,Vargas                   Miguel Vargas,3B,0.142,0,Pre-Arbitration,740000.00,246636.00,740000.00,-
Chicago White Sox,Ellard                   Fraser Ellard,RP,,3,Pre-Arbitration,740000.00,246666.00,740000.00,-
Chicago White Sox,Martin                   Davis Martin,SP,0.052,1,Pre-Arbitration,740000.00,254592.00,740000.00,-
Chicago White Sox,Robinson                   Chuckie Robinson,C,0.045,1,Pre-Arbitration,740000.00,411730.00,740000.00,-
Chicago White Sox,Sosa                   Lenyn Sosa,2B,0.09,0,Pre-Arbitration,740000.00,497250.00,740000.00,-
Chicago White Sox,Cannon                   Jonathan Cannon,SP,,2,Pre-Arbitration,740000.00,505268.00,740000.00,-
Chicago White Sox,Anderson                   Justin Anderson,RP,2.161,2,Pre-Arbitration,740000.00,525096.00,740000.00,-
Chicago White Sox,Shuster                   Jared Shuster,RP,0.077,0,Pre-Arbitration,740000.00,640458.00,740000.00,-
Chicago White Sox,Stassi                   Max Stassi,C,7.033,0,Veteran,7000000.00,740000.00,7000000.00,-
Chicago White Sox,Clevinger                   Mike Clevinger,SP,7.033,0,Veteran,3000000.00,3000000.00,3000000.00,-
Chicago White Sox,Leone                   Dominic Leone,RP,7.133,0,Veteran,1500000.00,1500000.00,1500000.00,-
Chicago White Sox,Lambert                   Jimmy Lambert,RP,2.108,0,Pre-Arbitration,759250.00,759250.00,759250.00,-
Chicago White Sox,Wilson                   Steven Wilson,RP,2,3,Pre-Arbitration,751900.00,707350.00,751900.00,-
Chicago White Sox,Foster                   Matt Foster,RP,3.093,1,Arbitration 1,750000.00,108864.00,750000.00,-
Chicago White Sox,Scholtens                   Jesse Scholtens,SP,0.125,2,Pre-Arbitration,745000.00,745000.00,745000.00,-
Chicago White Sox,Baldwin                   Brooks Baldwin,3B,,3,Pre-Arbitration,740000.00,290430.00,740000.00,-
Chicago White Sox,Thorpe                   Drew Thorpe,SP,,3,Pre-Arbitration,740000.00,441612.00,740000.00,-
Cincinnati Reds,Martinez                   Nick Martinez,SP,5.002,0,Veteran,14000000.00,14000000.00,14000000.00,-
Cincinnati Reds,Pagan                   Emilio Pagan,RP,6.091,0,Veteran,8000000.00,8000000.00,8000000.00,-
Cincinnati Reds,France                   Ty France,1B,4.089,0,Arbitration 2,6775000.00,1000000.00,6775000.00,-
Cincinnati Reds,Junis                   Jake Junis,RP,6.002,0,Veteran,4000000.00,1311805.00,4000000.00,-
Cincinnati Reds,India                   Jonathan India,2B,3,3,arbitration-avoided-numbers-exchanged,3800000.00,3800000.00,3800000.00,-
Cincinnati Reds,Greene                   Hunter Greene,SP,2,3,Pre-Arbitration Bypassed,3333333.00,3333333.00,3000000.00,333333.00
Cincinnati Reds,Maile                   Luke Maile,C,6.148,0,Veteran,3000000.00,3000000.00,3000000.00,-
Cincinnati Reds,Espinal                   Santiago Espinal,3B,3.149,2,Arbitration 2 (S2),2725000.00,2725000.00,2725000.00,-
Cincinnati Reds,Farmer                   Buck Farmer,RP,6.14,0,Veteran,2550000.00,2550000.00,2250000.00,-
Cincinnati Reds,Stephenson                   Tyler Stephenson,C,3.056,2,Arbitration 1,2525000.00,2525000.00,2525000.00,-
Cincinnati Reds,Suter                   Brent Suter,RP,6.161,0,Veteran,2500000.00,2500000.00,2500000.00,-
Cincinnati Reds,Fraley                   Jake Fraley,DH,3.097,0,Arbitration 1,2150000.00,2150000.00,2150000.00,-
Cincinnati Reds,Rosario                   Amed Rosario,SS,6.062,0,Veteran,1500000.00,338730.00,1500000.00,-
Cincinnati Reds,Wilson                   Justin Wilson,RP,11.035,0,Veteran,1500000.00,1500000.00,1500000.00,-
Cincinnati Reds,Gibaut                   Ian Gibaut,RP,2.077,0,Pre-Arbitration,760000.00,760000.00,760000.00,-
Cincinnati Reds,Diaz                   Alexis Diaz,RP,2,3,Pre-Arbitration,760000.00,760000.00,760000.00,-
Cincinnati Reds,Steer                   Spencer Steer,LF,1.035,3,Pre-Arbitration,750000.00,750000.00,750000.00,-
Cincinnati Reds,Friedl                   T.J. Friedl,CF,1.112,2,Pre-Arbitration,750000.00,750000.00,750000.00,-
Cincinnati Reds,Cruz                   Fernando Cruz,RP,1.035,3,Pre-Arbitration,750000.00,750000.00,750000.00,-
Cincinnati Reds,Benson                   Will Benson,RF,1.042,2,Pre-Arbitration,750000.00,750000.00,750000.00,-
Cincinnati Reds,De La Cruz                   Elly De La Cruz,SS,0.118,2,Pre-Arbitration,742500.00,742500.00,742500.00,-
Cincinnati Reds,Lowder                   Rhett Lowder,SP,,3,Pre-Arbitration,740000.00,123333.00,740000.00,-
Cincinnati Reds,Zulueta                   Yosver Zulueta,RP,,1,Pre-Arbitration,740000.00,127311.00,740000.00,-
Cincinnati Reds,Dunn                   Blake Dunn,OF,,2,Pre-Arbitration,740000.00,179032.00,740000.00,-
Cincinnati Reds,Hinds                   Rece Hinds,RF,,2,Pre-Arbitration,740000.00,210860.00,740000.00,-
Cincinnati Reds,Santillan                   Tony Santillan,RP,2.02,0,Pre-Arbitration,740000.00,310284.00,740000.00,-
Cincinnati Reds,Marte                   Noelvi Marte,SS,0.044,2,Pre-Arbitration,740000.00,377957.00,740000.00,-
Cincinnati Reds,Spiers                   Carson Spiers,RP,0.028,2,Pre-Arbitration,740000.00,513225.00,740000.00,-
Cincinnati Reds,Candelario                   Jeimer Candelario,3B,6.038,0,Veteran,16000000.00,16000000.00,15000000.00,1000000.00
Cincinnati Reds,Wynns                   Austin Wynns,C,3.09,0,Veteran,950000.00,914332.00,950000.00,-
Cincinnati Reds,Antone                   Tejay Antone,RP,4,3,Arbitration 2,830000.00,830000.00,830000.00,-
Cincinnati Reds,Moll                   Sam Moll,RP,2.075,1,Pre-Arbitration,760000.00,723222.00,760000.00,-
Cincinnati Reds,Lodolo                   Nick Lodolo,SP,2,3,Pre-Arbitration,760000.00,760000.00,760000.00,-
Cincinnati Reds,Fairchild                   Stuart Fairchild,OF,1.114,0,Pre-Arbitration,750000.00,750000.00,750000.00,-
Cincinnati Reds,Williamson                   Brandon Williamson,SP,0.139,2,Pre-Arbitration,742500.00,742500.00,742500.00,-
Cincinnati Reds,McLain                   Matt McLain,SS,0.14,3,Pre-Arbitration,742500.00,742500.00,742500.00,-
Cincinnati Reds,Abbott                   Andrew Abbott,SP,0.119,3,Pre-Arbitration,742500.00,742500.00,742500.00,-
Cincinnati Reds,Roa                   Christian Roa,SP,,3,Pre-Arbitration,740000.00,163098.00,740000.00,-
Cincinnati Reds,Aguiar                   Julian Aguiar,SP,,3,Pre-Arbitration,740000.00,167096.00,740000.00,-
Cincinnati Reds,Encarnacion-Strand                   Christian Encarnacion-Strand,1B,0.077,3,Pre-Arbitration,740000.00,740000.00,740000.00,-
Cleveland Guardians,Ramírez                   José Ramírez,3B,9.074,0,Veteran,17225000.00,17225000.00,17000000.00,-
Cleveland Guardians,Naylor                   Josh Naylor,1B,4.127,0,Arbitration 3 (S2),6500000.00,6500000.00,6500000.00,-
Cleveland Guardians,Gimenez                   Andres Gimenez,2B,3.106,2,Arbitration 1 Bypassed,5621429.00,5621429.00,5000000.00,571429.00
Cleveland Guardians,Thomas                   Lane Thomas,CF,4.014,0,Arbitration 2,5450000.00,1816662.00,5450000.00,-
Cleveland Guardians,Hedges                   Austin Hedges,C,7.166,0,Veteran,4000000.00,4000000.00,4000000.00,-
Cleveland Guardians,Clase                   Emmanuel Clase,RP,3.059,3,Arbitration 1 Bypassed,2900000.00,2900000.00,2500000.00,400000.00
Cleveland Guardians,Sandlin                   Nick Sandlin,RP,2.152,3,Arbitration 1 (S2),1075000.00,1075000.00,1075000.00,-
Cleveland Guardians,Kwan                   Steven Kwan,LF,2,3,Pre-Arbitration,757600.00,757600.00,757600.00,-
Cleveland Guardians,Morgan                   Eli Morgan,RP,2.108,1,Pre-Arbitration,751200.00,626045.00,751200.00,-
Cleveland Guardians,Lively                   Ben Lively,SP,1.133,0,Pre-Arbitration,750000.00,750000.00,750000.00,-
Cleveland Guardians,Avila                   Pedro Avila,RP,0.099,0,Pre-Arbitration,746600.00,658296.00,746600.00,-
Cleveland Guardians,Bibee                   Tanner Bibee,SP,1,3,Pre-Arbitration,745700.00,745700.00,745700.00,-
Cleveland Guardians,Brennan                   Will Brennan,RF,1.015,3,Pre-Arbitration,744900.00,704851.00,744900.00,-
Cleveland Guardians,Williams                   Gavin Williams,SP,0.103,3,Pre-Arbitration,742100.00,742100.00,742100.00,-
Cleveland Guardians,Naylor                   Bo Naylor,C,0.113,2,Pre-Arbitration,742100.00,742100.00,742100.00,-
Cleveland Guardians,Fry                   David Fry,C,0.154,3,Pre-Arbitration,741000.00,741000.00,741000.00,-
Cleveland Guardians,Herrin                   Tim Herrin,RP,0.077,2,Pre-Arbitration,740800.00,740800.00,740800.00,-
Cleveland Guardians,Gaddis                   Hunter Gaddis,RP,0.073,1,Pre-Arbitration,740700.00,740700.00,740700.00,-
Cleveland Guardians,Rocchio                   Brayan Rocchio,SS,0.037,1,Pre-Arbitration,740200.00,740200.00,740200.00,-
Cleveland Guardians,Walters                   Andrew Walters,RP,,3,Pre-Arbitration,740000.00,71613.00,740000.00,-
Cleveland Guardians,Cantillo                   Joey Cantillo,SP,,1,Pre-Arbitration,740000.00,123333.00,740000.00,-
Cleveland Guardians,Sabrowski                   Erik Sabrowski,RP,,3,Pre-Arbitration,740000.00,131290.00,740000.00,-
Cleveland Guardians,Manzardo                   Kyle Manzardo,DH,,2,Pre-Arbitration,740000.00,290430.00,740000.00,-
Cleveland Guardians,Boyd                   Matthew Boyd,SP,7.136,0,Veteran,740000.00,373932.00,740000.00,-
Cleveland Guardians,Noel                   Jhonkensy Noel,RF,,1,Pre-Arbitration,740000.00,381935.00,740000.00,-
Cleveland Guardians,Schneemann                   Daniel Schneemann,SS,,3,Pre-Arbitration,740000.00,477419.00,740000.00,-
Cleveland Guardians,Martinez                   Angel Martinez,DH,,1,Pre-Arbitration,740000.00,688279.00,740000.00,-
Cleveland Guardians,Smith                   Cade Smith,RP,,3,Pre-Arbitration,740000.00,740000.00,740000.00,-
Cleveland Guardians,Bieber                   Shane Bieber,SP,5.097,0,Arbitration 3,13125000.00,13125000.00,13125000.00,-
Cleveland Guardians,Cobb                   Alex Cobb,SP,12.061,0,Veteran,10000000.00,3333333.00,10000000.00,-
Cleveland Guardians,Karinchak                   James Karinchak,RP,3.099,1,Arbitration 2 (S2),1900000.00,1900000.00,1900000.00,-
Cleveland Guardians,Stephan                   Trevor Stephan,RP,3,3,Arbitration 1 Bypassed,1600000.00,1600000.00,1600000.00,-
Cleveland Guardians,Hentges                   Sam Hentges,RP,2.157,0,Arbitration 1 (S2),1162500.00,1162500.00,1162500.00,-
Colorado Rockies,Freeland                   Kyle Freeland,SP,6.144,0,Veteran,15000000.00,15000000.00,15000000.00,-
Colorado Rockies,Blackmon                   Charlie Blackmon,DH,11.102,0,Veteran,14500000.00,14500000.00,13000000.00,-
Colorado Rockies,Senzatela                   Antonio Senzatela,SP,6.106,0,Veteran,12000000.00,12000000.00,12000000.00,-
Colorado Rockies,McMahon                   Ryan McMahon,3B,6.006,0,Veteran,12000000.00,12000000.00,12000000.00,-
Colorado Rockies,Quantrill                   Cal Quantrill,SP,4.132,0,Arbitration 3 (S2),6550000.00,6550000.00,6550000.00,-
Colorado Rockies,Rodgers                   Brendan Rodgers,2B,4.075,0,Arbitration 2,3200000.00,3200000.00,3200000.00,-
Colorado Rockies,Gomber                   Austin Gomber,SP,4.111,0,Arbitration 2,3150000.00,3150000.00,3150000.00,-
Colorado Rockies,Tovar                   Ezequiel Tovar,SS,1.014,2,Veteran,1714285.00,1714285.00,1500000.00,214286.00
Colorado Rockies,Stallings                   Jacob Stallings,C,5.149,0,Veteran,1500000.00,1500000.00,1500000.00,-
Colorado Rockies,Cave                   Jake Cave,RF,4.017,0,Arbitration 3 (S2),1000000.00,1000000.00,1000000.00,-
Colorado Rockies,Hilliard                   Sam Hilliard,CF,3.094,0,Arbitration 1,800000.00,800000.00,800000.00,-
Colorado Rockies,Bird                   Jake Bird,RP,1.117,2,Pre-Arbitration,745000.00,568710.00,745000.00,-
Colorado Rockies,Lawrence                   Justin Lawrence,RP,1.167,0,Pre-Arbitration,745000.00,745000.00,745000.00,-
Colorado Rockies,Jones                   Nolan Jones,LF,1.007,0,Pre-Arbitration,745000.00,745000.00,745000.00,-
Colorado Rockies,Feltner                   Ryan Feltner,SP,1.143,2,Pre-Arbitration,745000.00,745000.00,745000.00,-
Colorado Rockies,Toglia                   Michael Toglia,RF,0.103,1,Pre-Arbitration,742000.00,582430.00,742000.00,-
Colorado Rockies,Vodnik                   Victor Vodnik,RP,0.024,3,Pre-Arbitration,742000.00,742000.00,742000.00,-
Colorado Rockies,Doyle                   Brenton Doyle,CF,0.161,2,Pre-Arbitration,742000.00,742000.00,742000.00,-
Colorado Rockies,Hill                   Jaden Hill,RP,,3,Pre-Arbitration,740000.00,99462.00,740000.00,-
Colorado Rockies,Halvorsen                   Seth Halvorsen,RP,,3,Pre-Arbitration,740000.00,123333.00,740000.00,-
Colorado Rockies,Peralta                   Luis Peralta,RP,,3,Pre-Arbitration,740000.00,151183.00,740000.00,-
Colorado Rockies,Criswell                   Jeff Criswell,RP,,3,Pre-Arbitration,740000.00,159140.00,740000.00,-
Colorado Rockies,Romo                   Drew Romo,C,,3,Pre-Arbitration,740000.00,179032.00,740000.00,-
Colorado Rockies,Chivilli                   Angel Chivilli,RP,,2,Pre-Arbitration,740000.00,326236.00,740000.00,-
Colorado Rockies,Schunk                   Aaron Schunk,3B,,3,Pre-Arbitration,740000.00,373978.00,740000.00,-
Colorado Rockies,Goodman                   Hunter Goodman,RF,0.036,2,Pre-Arbitration,740000.00,580860.00,740000.00,-
Colorado Rockies,Beck                   Jordan Beck,OF,,3,Pre-Arbitration,740000.00,608709.00,740000.00,-
Colorado Rockies,Molina                   Anthony Molina,RP,,3,Pre-Arbitration,740000.00,740000.00,740000.00,-
Colorado Rockies,Bryant                   Kris Bryant,1B,8.171,0,Veteran,28000000.00,28000000.00,27000000.00,1000000.00
Colorado Rockies,Márquez                   Germán Márquez,SP,7.027,0,Veteran,10000000.00,10000000.00,10000000.00,-
Colorado Rockies,Bard                   Daniel Bard,RP,7.103,0,Veteran,9500000.00,9500000.00,9500000.00,-
Colorado Rockies,Hudson                   Dakota Hudson,SP,4.156,2,Veteran,1500000.00,1500000.00,1500000.00,-
Colorado Rockies,Kinley                   Tyler Kinley,RP,5.014,0,Arbitration 3 Bypassed,1300000.00,1300000.00,1300000.00,-
Colorado Rockies,Gilbreath                   Lucas Gilbreath,RP,2.148,2,Arbitration 1 (S2),760000.00,760000.00,760000.00,-
Detroit Tigers,Maeda                   Kenta Maeda,RP,8,0,Veteran,14000000.00,14000000.00,14000000.00,-
Detroit Tigers,Keith                   Colt Keith,2B,,3,Veteran,2833333.00,2833333.00,2500000.00,333333.00
Detroit Tigers,Skubal                   Tarik Skubal,SP,3.114,2,Arbitration 1,2650000.00,2650000.00,2650000.00,-
Detroit Tigers,Rogers                   Jake Rogers,C,3.04,1,Arbitration 1,1700000.00,1700000.00,1700000.00,-
Detroit Tigers,Mize                   Casey Mize,SP,3.111,3,Arbitration 1,830000.00,830000.00,830000.00,-
Detroit Tigers,Greene                   Riley Greene,LF,1.11,3,Pre-Arbitration,766300.00,766300.00,766300.00,-
Detroit Tigers,Foley                   Jason Foley,RP,2.033,2,Pre-Arbitration,766300.00,766300.00,766300.00,-
Detroit Tigers,Ibanez                   Andy Ibanez,2B,1.17,1,Pre-Arbitration,766100.00,766100.00,766100.00,-
Detroit Tigers,Vierling                   Matt Vierling,RF,2.026,1,Pre-Arbitration,766000.00,766000.00,766000.00,-
Detroit Tigers,Torkelson                   Spencer Torkelson,1B,1.137,1,Pre-Arbitration,765700.00,456987.00,765700.00,-
Detroit Tigers,McKinstry                   Zach McKinstry,2B,2.099,0,Pre-Arbitration,764400.00,764400.00,764400.00,-
Detroit Tigers,Carpenter                   Kerry Carpenter,DH,1.057,3,Pre-Arbitration,761000.00,761000.00,761000.00,-
Detroit Tigers,Vest                   Will Vest,RP,2.1,2,Pre-Arbitration,760700.00,760700.00,760700.00,-
Detroit Tigers,Holton                   Tyler Holton,RP,1.045,2,Pre-Arbitration,758300.00,758300.00,758300.00,-
Detroit Tigers,Olson                   Reese Olson,SP,0.123,2,Pre-Arbitration,752300.00,752300.00,752300.00,-
Detroit Tigers,Meadows                   Parker Meadows,CF,0.042,1,Pre-Arbitration,746900.00,548235.00,746900.00,-
Detroit Tigers,Jobe                   Jackson Jobe,RP,,3,Pre-Arbitration,740000.00,19890.00,740000.00,-
Detroit Tigers,Madden                   Ty Madden,SP,,3,Pre-Arbitration,740000.00,139247.00,740000.00,-
Detroit Tigers,Guenther                   Sean Guenther,RP,1.064,3,Pre-Arbitration,740000.00,163098.00,740000.00,-
Detroit Tigers,Sweeney                   Trey Sweeney,SS,,3,Pre-Arbitration,740000.00,179032.00,740000.00,-
Detroit Tigers,Jung                   Jace Jung,3B,,3,Pre-Arbitration,740000.00,179032.00,740000.00,-
Detroit Tigers,Hurter                   Brant Hurter,SP,,3,Pre-Arbitration,740000.00,226774.00,740000.00,-
Detroit Tigers,Hanifee                   Brenan Hanifee,RP,0.012,3,Pre-Arbitration,740000.00,234702.00,740000.00,-
Detroit Tigers,Dingler                   Dillon Dingler,C,,2,Pre-Arbitration,740000.00,250645.00,740000.00,-
Detroit Tigers,Montero                   Keider Montero,SP,,2,Pre-Arbitration,740000.00,362043.00,740000.00,-
Detroit Tigers,Malloy                   Justyn-Henry Malloy,DH,,3,Pre-Arbitration,740000.00,421720.00,740000.00,-
Detroit Tigers,Brieske                   Beau Brieske,RP,1.166,2,Pre-Arbitration,740000.00,556989.00,740000.00,-
Detroit Tigers,Perez                   Wenceel Perez,SS,,2,Pre-Arbitration,740000.00,692172.00,740000.00,-
Detroit Tigers,Báez                   Javier Báez,SS,8.089,0,Veteran,25000000.00,25000000.00,25000000.00,-
Detroit Tigers,Faedo                   Alex Faedo,RP,0.169,0,Pre-Arbitration,746600.00,746600.00,746600.00,-
Detroit Tigers,Gipson-Long                   Sawyer Gipson-Long,P,0.022,3,Pre-Arbitration,743600.00,743600.00,743600.00,-
Detroit Tigers,White                   Brendan White,RP,0.111,2,Pre-Arbitration,740000.00,186966.00,740000.00,-
Houston Astros,Verlander                   Justin Verlander,SP,18.002,0,Veteran,43333333.00,18333333.00,43333333.00,-
Houston Astros,Bregman                   Alex Bregman,3B,7.07,0,Veteran,30500000.00,30500000.00,28500000.00,2000000.00
Houston Astros,Altuve                   Jose Altuve,2B,12.072,0,Veteran,29000000.00,29000000.00,26000000.00,3000000.00
Houston Astros,Hader                   Josh Hader,RP,6.115,0,Veteran,19000000.00,19000000.00,19000000.00,-
Houston Astros,Pressly                   Ryan Pressly,RP,10.039,0,Veteran,14000000.00,14000000.00,14000000.00,-
Houston Astros,Valdez                   Framber Valdez,SP,4.163,0,Arbitration 3 (S2),12100000.00,12100000.00,12100000.00,-
Houston Astros,Tucker                   Kyle Tucker,RF,4.079,0,Arbitration 2,12000000.00,12000000.00,12000000.00,-
Houston Astros,Alvarez                   Yordan Alvarez,DH,4.113,0,Arbitration 2 Bypassed,10833333.00,10833333.00,10000000.00,833333.00
Houston Astros,Kikuchi                   Yusei Kikuchi,SP,5,0,,10000000.00,3387097.00,10000000.00,-
Houston Astros,Caratini                   Victor Caratini,C,6.051,0,Veteran,6000000.00,6000000.00,6000000.00,-
Houston Astros,Dubon                   Mauricio Dubon,RF,3.162,0,Arbitration 2 (S2),3500000.00,3500000.00,3500000.00,-
Houston Astros,Ferguson                   Caleb Ferguson,RP,5.093,0,Arbitration 3,2400000.00,800000.00,2400000.00,-
Houston Astros,Abreu                   Bryan Abreu,RP,3.022,0,Arbitration 1,1750000.00,1750000.00,1750000.00,-
Houston Astros,Singleton                   Jon Singleton,1B,1.069,0,Pre-Arbitration,850000.00,850000.00,850000.00,-
Houston Astros,Pena                   Jeremy Pena,SS,2,3,Pre-Arbitration,783500.00,783500.00,783500.00,-
Houston Astros,Brown                   Hunter Brown,SP,1.035,3,Pre-Arbitration,774500.00,774500.00,774500.00,-
Houston Astros,Diaz                   Yainer Diaz,C,1.035,3,Pre-Arbitration,768900.00,768900.00,768900.00,-
Houston Astros,Meyers                   Jake Meyers,CF,2.044,2,Pre-Arbitration,767300.00,767300.00,767300.00,-
Houston Astros,Blanco                   Ronel Blanco,SP,0.101,1,Pre-Arbitration,749800.00,749800.00,749800.00,-
Houston Astros,Kessinger                   Grae Kessinger,SS,0.119,2,Pre-Arbitration,742100.00,343140.00,742100.00,-
Houston Astros,Gusto                   Ryan Gusto,SP,,3,Pre-Arbitration,740000.00,3978.00,740000.00,-
Houston Astros,Heyward                   Jason Heyward,RF,14,0,Veteran,740000.00,123318.00,740000.00,-
Houston Astros,Neris                   Hector Neris,RP,8.068,0,Veteran,740000.00,143208.00,740000.00,-
Houston Astros,Dezenzo                   Zach Dezenzo,SS,,2,Pre-Arbitration,740000.00,218817.00,740000.00,-
Houston Astros,Salazar                   César Salazar,C,0.08,1,Pre-Arbitration,740000.00,230724.00,740000.00,-
Houston Astros,Ort                   Kaleb Ort,RP,1.04,0,Pre-Arbitration,740000.00,266526.00,740000.00,-
Houston Astros,King                   Bryan King,RP,,3,Pre-Arbitration,740000.00,346129.00,740000.00,-
Houston Astros,Arrighetti                   Spencer Arrighetti,SP,,3,Pre-Arbitration,740000.00,664326.00,740000.00,-
Houston Astros,Diaz                   Yainer Diaz,C,1.035,3,Pre-Arbitration,-,-,-,-
Houston Astros,McCullers                   Lance McCullers,SP,8.14,0,Veteran,17700000.00,17700000.00,17000000.00,700000.00
Houston Astros,Graveman                   Kendall Graveman,RP,8.078,0,Veteran,8000000.00,8000000.00,8000000.00,-
Houston Astros,Javier                   Cristian Javier,SP,4,0,Arbitration 2,7400000.00,7400000.00,7000000.00,400000.00
Houston Astros,Urquidy                   José Urquidy,SP,4.049,0,Arbitration 2,3750000.00,3750000.00,3750000.00,-
Houston Astros,McCormick                   Chas McCormick,CF,3,3,Arbitration 1,2850000.00,2850000.00,2850000.00,-
Houston Astros,Garcia                   Luis Garcia,SP,3.083,3,Arbitration 1,1875000.00,1875000.00,1875000.00,-
Houston Astros,Gamel                   Ben Gamel,LF,6.056,0,Veteran,1200000.00,245176.00,1200000.00,-
Houston Astros,France                   J.P. France,SP,0.149,1,Pre-Arbitration,767600.00,288890.00,767600.00,-
Houston Astros,Murfee                   Penn Murfee,RP,1.169,3,Pre-Arbitration,760000.00,760000.00,760000.00,-
Houston Astros,Scott                   Tayler Scott,RP,1.015,0,Pre-Arbitration,750000.00,750000.00,750000.00,-
Houston Astros,Ortega                   Oliver Ortega,RP,1.019,1,Pre-Arbitration,748500.00,748500.00,748500.00,-
Houston Astros,Sousa                   Bennett Sousa,RP,0.156,1,Pre-Arbitration,742300.00,742300.00,742300.00,-
Kansas City Royals,Perez                   Salvador Perez,C,12.05,0,Veteran,20000000.00,20000000.00,20000000.00,-
Kansas City Royals,Wacha                   Michael Wacha,SP,10.062,0,Veteran,16450000.00,16450000.00,16000000.00,-
Kansas City Royals,Lugo                   Seth Lugo,SP,7.082,0,Veteran,15100000.00,15100000.00,15000000.00,-
Kansas City Royals,Lorenzen                   Michael Lorenzen,SP,8.159,0,Veteran,5800000.00,1500028.00,4500000.00,-
Kansas City Royals,Renfroe                   Hunter Renfroe,RF,6.165,0,Veteran,5570000.00,5570000.00,5500000.00,-
Kansas City Royals,Singer                   Brady Singer,SP,3.156,2,Arbitration 2 (S2),4850000.00,4850000.00,4850000.00,-
Kansas City Royals,Witt Jr.                   Bobby Witt Jr.,SS,2,3,Veteran,3111111.00,3111111.00,2000000.00,1111111.00
Kansas City Royals,Pham                   Tommy Pham,RF,8.107,0,Veteran,3000000.00,1367741.00,3000000.00,-
Kansas City Royals,Bubic                   Kris Bubic,RP,3.135,1,Arbitration 2 (S2),2350000.00,2350000.00,2350000.00,-
Kansas City Royals,Hampson                   Garrett Hampson,SS,5.03,0,Veteran,2000000.00,2000000.00,2000000.00,-
Kansas City Royals,Frazier                   Adam Frazier,2B,7.075,0,Veteran,2000000.00,2000000.00,2000000.00,-
Kansas City Royals,DeJong                   Paul DeJong,3B,6.057,0,Veteran,1900000.00,714540.00,1750000.00,-
Kansas City Royals,Grossman                   Robbie Grossman,RF,9.06,0,Veteran,1500000.00,233885.00,1500000.00,-
Kansas City Royals,Schreiber                   John Schreiber,RP,3.027,3,Arbitration 1,1175000.00,1175000.00,1175000.00,-
Kansas City Royals,Hernandez                   Carlos Hernandez,RP,2.145,0,Arbitration 1 (S2),1012500.00,1012500.00,1012500.00,-
Kansas City Royals,Gurriel                   Yulieski Gurriel,1B,7.043,0,Veteran,1000000.00,150538.00,1000000.00,-
Kansas City Royals,Isbel                   Kyle Isbel,CF,2.043,2,Pre-Arbitration,758250.00,758250.00,758250.00,-
Kansas City Royals,Massey                   Michael Massey,DH,1.068,3,Pre-Arbitration,757000.00,757000.00,757000.00,-
Kansas City Royals,Melendez                   MJ Melendez,LF,1.153,2,Pre-Arbitration,754750.00,754750.00,754750.00,-
Kansas City Royals,Ragans                   Cole Ragans,SP,1.029,2,Pre-Arbitration,753750.00,753750.00,753750.00,-
Kansas City Royals,Garcia                   Maikel Garcia,2B,0.168,1,Pre-Arbitration,751250.00,751250.00,751250.00,-
Kansas City Royals,Erceg                   Lucas Erceg,RP,0.136,3,Pre-Arbitration,750000.00,241920.00,750000.00,-
Kansas City Royals,Zerpa                   Angel Zerpa,RP,1.082,1,Pre-Arbitration,748250.00,671841.00,748250.00,-
Kansas City Royals,Marsh                   Alec Marsh,SP,0.094,1,Pre-Arbitration,744750.00,620620.00,744750.00,-
Kansas City Royals,Fermin                   Freddy Fermin,C,0.165,2,Pre-Arbitration,744500.00,744500.00,744500.00,-
Kansas City Royals,Blanco                   Dairon Blanco,OF,0.132,3,Pre-Arbitration,743750.00,743750.00,743750.00,-
Kansas City Royals,Lynch                   Daniel Lynch,RP,2.083,1,Pre-Arbitration,740000.00,202878.00,740000.00,-
Kansas City Royals,Long                   Sam Long,RP,1.16,0,Pre-Arbitration,740000.00,525096.00,740000.00,-
Kansas City Royals,Smith                   Will Smith,RP,10.155,0,Veteran,5625000.00,5625000.00,5000000.00,-
Kansas City Royals,Stratton                   Chris Stratton,RP,6.1,0,Veteran,3500000.00,3500000.00,3500000.00,-
Kansas City Royals,Harvey                   Hunter Harvey,RP,4.047,0,Arbitration 2,2325000.00,962500.00,2325000.00,-
Kansas City Royals,Wright                   Kyle Wright,SP,3.062,1,Arbitration 1,1800000.00,1800000.00,1800000.00,-
Kansas City Royals,Taylor                   Josh Taylor,RP,4.121,2,Arbitration 3 (S2),1100000.00,1100000.00,1100000.00,-
Kansas City Royals,Pasquantino                   Vinnie Pasquantino,1B,1.101,3,Pre-Arbitration,752750.00,752750.00,752750.00,-
Kansas City Royals,McArthur                   James McArthur,RP,0.15,1,Pre-Arbitration,745750.00,745750.00,745750.00,-
Los Angeles Angels,Anderson                   Tyler Anderson,SP,8.065,0,Veteran,13000000.00,13000000.00,13000000.00,-
Los Angeles Angels,Drury                   Brandon Drury,2B,7.001,0,Veteran,8500000.00,8500000.00,8500000.00,-
Los Angeles Angels,Ward                   Taylor Ward,LF,3.164,1,Arbitration 2 (S2),4800000.00,4800000.00,4800000.00,-
Los Angeles Angels,Canning                   Griffin Canning,SP,4.075,0,Arbitration 2,2600000.00,2600000.00,2600000.00,-
Los Angeles Angels,Burke                   Brock Burke,RP,3.065,0,Arbitration 1,1035000.00,261555.00,1035000.00,-
Los Angeles Angels,Suarez                   José Suarez,RP,3.084,0,Arbitration 1,925000.00,925000.00,925000.00,-
Los Angeles Angels,Strickland                   Hunter Strickland,RP,7.033,0,Veteran,850000.00,795180.00,850000.00,-
Los Angeles Angels,Quijada                   Jose Quijada,RP,3.046,0,Arbitration 1,840000.00,840000.00,840000.00,-
Los Angeles Angels,Detmers                   Reid Detmers,SP,2.064,2,Pre-Arbitration,770000.00,393300.00,770000.00,-
Los Angeles Angels,Thaiss                   Matt Thaiss,C,2.038,0,Pre-Arbitration,770000.00,770000.00,770000.00,-
Los Angeles Angels,Moniak                   Mickey Moniak,CF,2.027,0,Pre-Arbitration,770000.00,770000.00,770000.00,-
Los Angeles Angels,O'Hoppe                   Logan O'Hoppe,C,1.008,3,Pre-Arbitration,760000.00,760000.00,760000.00,-
Los Angeles Angels,Contreras                   Roansy Contreras,RP,1.039,0,Pre-Arbitration,755000.00,552024.00,755000.00,-
Los Angeles Angels,Zuniga                   Guillo Zuniga,RP,0.045,2,Pre-Arbitration,750000.00,334656.00,750000.00,-
Los Angeles Angels,Stefanic                   Michael Stefanic,2B,0.093,0,Pre-Arbitration,750000.00,564480.00,750000.00,-
Los Angeles Angels,Schanuel                   Nolan Schanuel,1B,0.045,3,Pre-Arbitration,750000.00,750000.00,750000.00,-
Los Angeles Angels,Neto                   Zach Neto,SS,0.17,3,Pre-Arbitration,750000.00,750000.00,750000.00,-
Los Angeles Angels,Campero                   Gustavo Campero,OF,,3,Pre-Arbitration,740000.00,55692.00,740000.00,-
Los Angeles Angels,Wagaman                   Eric Wagaman,1B,,3,Pre-Arbitration,740000.00,75582.00,740000.00,-
Los Angeles Angels,Adams                   Jordyn Adams,OF,0.043,2,Pre-Arbitration,740000.00,87516.00,740000.00,-
Los Angeles Angels,Rosenberg                   Kenny Rosenberg,SP,0.056,2,Pre-Arbitration,740000.00,119340.00,740000.00,-
Los Angeles Angels,Miller                   Ryan Miller,RP,,0,Pre-Arbitration,740000.00,131274.00,740000.00,-
Los Angeles Angels,Zeferjahn                   Ryan Zeferjahn,RP,,3,Pre-Arbitration,740000.00,147186.00,740000.00,-
Los Angeles Angels,López                   Jack López,SS,0.017,3,Pre-Arbitration,740000.00,175032.00,740000.00,-
Los Angeles Angels,Kavadas                   Niko Kavadas,1B,,3,Pre-Arbitration,740000.00,175032.00,740000.00,-
Los Angeles Angels,Kochanowicz                   Jack Kochanowicz,SP,,2,Pre-Arbitration,740000.00,246636.00,740000.00,-
Los Angeles Angels,Pillar                   Kevin Pillar,CF,9.072,0,Veteran,740000.00,608710.00,740000.00,-
Los Angeles Angels,Fulmer                   Carson Fulmer,SP,2.108,0,Pre-Arbitration,740000.00,692172.00,740000.00,-
Los Angeles Angels,Rendon                   Anthony Rendon,3B,10.13,0,Veteran,38571428.00,38571428.00,38000000.00,571428.00
Los Angeles Angels,Trout                   Mike Trout,CF,12.07,0,Veteran,37116666.00,37116666.00,35450000.00,1666667.00
Los Angeles Angels,Stephenson                   Robert Stephenson,RP,6.049,0,Veteran,11000000.00,11000000.00,11000000.00,-
Los Angeles Angels,Moore                   Matt Moore,RP,11,0,Veteran,9000000.00,9000000.00,9000000.00,-
Los Angeles Angels,Sandoval                   Patrick Sandoval,SP,3.149,1,Arbitration 2 (S2),5025000.00,5025000.00,5025000.00,-
Los Angeles Angels,Rengifo                   Luis Rengifo,2B,4.043,0,Arbitration 2,4400000.00,4400000.00,4400000.00,-
Los Angeles Angels,Adell                   Jo Adell,RF,2.085,0,Pre-Arbitration,770000.00,770000.00,770000.00,-
Los Angeles Angels,Soriano                   Jose Soriano,SP,1.121,2,Pre-Arbitration,760000.00,760000.00,760000.00,-
Los Angeles Angels,Teodosio                   Bryce Teodosio,OF,,3,Pre-Arbitration,740000.00,87516.00,740000.00,-
Los Angeles Angels,Aldegheri                   Samuel Aldegheri,SP,,3,Pre-Arbitration,740000.00,119340.00,740000.00,-
Los Angeles Angels,Marte                   Jose Marte,RP,1.109,2,Pre-Arbitration,740000.00,358020.00,740000.00,-
Los Angeles Angels,Wantz                   Andrew Wantz,RP,1.148,1,Pre-Arbitration,740000.00,365976.00,740000.00,-
Los Angeles Angels,Joyce                   Ben Joyce,RP,0.127,2,Pre-Arbitration,740000.00,477360.00,740000.00,-
Los Angeles Angels,Cáceres                   Kelvin Cáceres,RP,0.005,2,Pre-Arbitration,740000.00,568854.00,740000.00,-
Los Angeles Dodgers,Ohtani                   Shohei Ohtani,DH,6,0,Veteran,28216944.00,28216944.00,70000000.00,-
Los Angeles Dodgers,Betts                   Mookie Betts,SS,9.07,0,Veteran,26173581.00,26173581.00,25000000.00,5000000.00
Los Angeles Dodgers,Freeman                   Freddie Freeman,1B,13.033,0,Veteran,25145183.00,25145183.00,27000000.00,-
Los Angeles Dodgers,Hernandez                   Teoscar Hernandez,LF,6.097,0,Veteran,23500000.00,15000000.00,23500000.00,-
Los Angeles Dodgers,Flaherty                   Jack Flaherty,SP,6.006,0,Veteran,14500000.00,4666666.00,14000000.00,-
Los Angeles Dodgers,Smith                   Will Smith,C,4.09,0,Arbitration 2 Bypassed,13477716.00,13477716.00,13550000.00,3000000.00
Los Angeles Dodgers,Yamamoto                   Yoshinobu Yamamoto,SP,,0,Veteran,13333333.00,13333333.00,5000000.00,8333333.00
Los Angeles Dodgers,Taylor                   Chris Taylor,2B,8.037,0,Veteran,13000000.00,13000000.00,13000000.00,-
Los Angeles Dodgers,Kiermaier                   Kevin Kiermaier,CF,9.131,0,Veteran,10500000.00,1840000.00,10500000.00,-
Los Angeles Dodgers,Muncy                   Max Muncy,3B,7.027,0,Veteran,9500000.00,9500000.00,7000000.00,2500000.00
Los Angeles Dodgers,Buehler                   Walker Buehler,SP,5.168,0,Arbitration 4 (S2),8025000.00,8025000.00,8025000.00,-
Los Angeles Dodgers,Kelly                   Joe Kelly,RP,11.029,0,Veteran,8000000.00,8000000.00,8000000.00,-
Los Angeles Dodgers,Edman                   Tommy Edman,CF,4.114,0,arbitration-avoided-numbers-exchanged,7000000.00,2470968.00,7000000.00,-
Los Angeles Dodgers,Rojas                   Miguel Rojas,SS,9.043,0,Veteran,5750000.00,5750000.00,5000000.00,750000.00
Los Angeles Dodgers,Brasier                   Ryan Brasier,RP,6.109,0,Veteran,4500000.00,4500000.00,4500000.00,-
Los Angeles Dodgers,Phillips                   Evan Phillips,RP,3.136,0,Arbitration 2 (S2),4000000.00,4000000.00,4000000.00,-
Los Angeles Dodgers,Hernandez                   Enrique Hernandez,SS,9.054,0,Veteran,4000000.00,4000000.00,4000000.00,-
Los Angeles Dodgers,Barnes                   Austin Barnes,C,7.098,0,Veteran,3500000.00,3500000.00,3500000.00,-
Los Angeles Dodgers,Kopech                   Michael Kopech,RP,4.041,0,Arbitration 2,3000000.00,1016129.00,3000000.00,-
Los Angeles Dodgers,Hudson                   Daniel Hudson,RP,13.106,0,Veteran,2000000.00,2000000.00,2000000.00,-
Los Angeles Dodgers,Lux                   Gavin Lux,2B,3.114,2,Arbitration 1,1225000.00,1225000.00,1225000.00,-
Los Angeles Dodgers,Vesia                   Alex Vesia,RP,3.078,1,Arbitration 1,1000000.00,1000000.00,1000000.00,-
Los Angeles Dodgers,Treinen                   Blake Treinen,RP,9.065,0,Veteran,1000000.00,1000000.00,1000000.00,-
Los Angeles Dodgers,Outman                   James Outman,CF,1.006,1,Pre-Arbitration,770000.00,335340.00,770000.00,-
Los Angeles Dodgers,Henriquez                   Edgardo Henriquez,RP,,3,Pre-Arbitration,740000.00,19890.00,740000.00,-
Los Angeles Dodgers,Knack                   Landon Knack,SP,,2,Pre-Arbitration,740000.00,294372.00,740000.00,-
Los Angeles Dodgers,Banda                   Anthony Banda,RP,3.001,0,Veteran,740000.00,529074.00,740000.00,-
Los Angeles Dodgers,Pages                   Andy Pages,OF,,1,Pre-Arbitration,740000.00,608634.00,740000.00,-
Los Angeles Dodgers,Glasnow                   Tyler Glasnow,SP,6.158,0,Veteran,17500000.00,17500000.00,15000000.00,2500000.00
Los Angeles Dodgers,Kershaw                   Clayton Kershaw,SP,15.105,0,Veteran,7500000.00,7500000.00,5000000.00,-
Los Angeles Dodgers,Gonsolin                   Tony Gonsolin,SP,3.152,1,Arbitration 2 Bypassed,5400000.00,5400000.00,5400000.00,-
Los Angeles Dodgers,Graterol                   Brusdar Graterol,RP,3.167,2,Arbitration 2 (S2),2700000.00,2700000.00,2700000.00,-
Los Angeles Dodgers,May                   Dustin May,SP,4.059,0,Arbitration 2,2135000.00,2135000.00,2135000.00,-
Los Angeles Dodgers,Honeywell                   Brent Honeywell,RP,1.142,0,Pre-Arbitration,1250000.00,235200.00,1250000.00,-
Los Angeles Dodgers,Brogdon                   Connor Brogdon,RP,2.139,0,Pre-Arbitration,761000.00,711834.00,761000.00,-
Los Angeles Dodgers,Sheehan                   Emmet Sheehan,P,0.08,2,Pre-Arbitration,750000.00,750000.00,750000.00,-
Los Angeles Dodgers,Stone                   Gavin Stone,SP,0.034,2,Pre-Arbitration,742500.00,742500.00,742500.00,-
Los Angeles Dodgers,Ryan                   River Ryan,SP,,3,Pre-Arbitration,740000.00,274482.00,740000.00,-
Miami Marlins,Sánchez                   Jesús Sánchez,LF,2.118,0,Arbitration 1 (S2),2100000.00,2100000.00,2100000.00,-
Miami Marlins,Bender                   Anthony Bender,RP,2.153,3,Arbitration 1 (S2),770000.00,770000.00,770000.00,-
Miami Marlins,Cabrera                   Edward Cabrera,SP,1.147,0,Pre-Arbitration,761000.00,761000.00,761000.00,-
Miami Marlins,Burger                   Jake Burger,1B,1.127,1,Pre-Arbitration,760000.00,760000.00,760000.00,-
Miami Marlins,Fortes                   Nick Fortes,C,1.149,2,Pre-Arbitration,759000.00,759000.00,759000.00,-
Miami Marlins,Weathers                   Ryan Weathers,SP,1.066,1,Pre-Arbitration,752600.00,752600.00,752600.00,-
Miami Marlins,Bride                   Jonah Bride,1B,1.039,0,Pre-Arbitration,750000.00,391104.00,750000.00,-
Miami Marlins,Baumann                   Mike Baumann,RP,1.072,0,Pre-Arbitration,748900.00,136884.00,748900.00,-
Miami Marlins,Brujan                   Vidal Brujan,2B,1.014,0,Pre-Arbitration,745800.00,745800.00,745800.00,-
Miami Marlins,Curry                   Xzavion Curry,RP,1.003,1,Pre-Arbitration,744400.00,128064.00,744400.00,-
Miami Marlins,Petersen                   Michael Petersen,RP,,2,Pre-Arbitration,740000.00,67626.00,740000.00,-
Miami Marlins,Anderson                   Shaun Anderson,RP,2.014,0,Pre-Arbitration,740000.00,75582.00,740000.00,-
Miami Marlins,Sanoja                   Javier Sanoja,SS,,3,Pre-Arbitration,740000.00,87516.00,740000.00,-
Miami Marlins,Bachar                   Lake Bachar,RP,,2,Pre-Arbitration,740000.00,87516.00,740000.00,-
Miami Marlins,Veneziano                   Anthony Veneziano,SP,0.013,2,Pre-Arbitration,740000.00,99450.00,740000.00,-
Miami Marlins,McCaughan                   Darren McCaughan,RP,0.017,1,Pre-Arbitration,740000.00,123318.00,740000.00,-
Miami Marlins,Conine                   Griffin Conine,RF,,3,Pre-Arbitration,740000.00,135252.00,740000.00,-
Miami Marlins,Oller                   Adam Oller,SP,0.16,1,Pre-Arbitration,740000.00,163098.00,740000.00,-
Miami Marlins,Norby                   Connor Norby,2B,,2,Pre-Arbitration,740000.00,163098.00,740000.00,-
Miami Marlins,Pereda                   Jhonny Pereda,C,,2,Pre-Arbitration,740000.00,198900.00,740000.00,-
Miami Marlins,Maldonado                   Anthony Maldonado,RP,,1,Pre-Arbitration,740000.00,202878.00,740000.00,-
Miami Marlins,Hill                   Derek Hill,OF,1.095,0,Pre-Arbitration,740000.00,218790.00,740000.00,-
Miami Marlins,Tinoco                   Jesus Tinoco,RP,1.01,0,Pre-Arbitration,740000.00,238680.00,740000.00,-
Miami Marlins,Stowers                   Kyle Stowers,CF,0.077,1,Pre-Arbitration,740000.00,242658.00,740000.00,-
Miami Marlins,Bellozo                   Valente Bellozo,SP,,2,Pre-Arbitration,740000.00,258570.00,740000.00,-
Miami Marlins,Edwards                   Xavier Edwards,SS,0.052,1,Pre-Arbitration,740000.00,604656.00,740000.00,-
Miami Marlins,Myers                   Dane Myers,OF,0.054,1,Pre-Arbitration,740000.00,616590.00,740000.00,-
Miami Marlins,Lopez                   Otto Lopez,SS,0.109,0,Pre-Arbitration,740000.00,664326.00,740000.00,-
Miami Marlins,Alcantara                   Sandy Alcantara,SP,5.1,0,Arbitration 3 Bypassed,9300000.00,9300000.00,9000000.00,300000.00
Miami Marlins,Luzardo                   Jesús Luzardo,SP,3.165,2,Arbitration 2 (S2),5500000.00,5500000.00,5500000.00,-
Miami Marlins,Garrett                   Braxton Garrett,SP,1.168,1,Pre-Arbitration,764000.00,764000.00,764000.00,-
Miami Marlins,Nardi                   Andrew Nardi,RP,1.053,3,Pre-Arbitration,754000.00,754000.00,754000.00,-
Miami Marlins,Meyer                   Max Meyer,SP,1.082,2,Pre-Arbitration,750000.00,334656.00,750000.00,-
Miami Marlins,Pérez                   Eury Pérez,SP,0.113,2,Pre-Arbitration,748000.00,748000.00,748000.00,-
Miami Marlins,Cronin                   Declan Cronin,RP,0.052,2,Pre-Arbitration,742000.00,674141.00,742000.00,-
Miami Marlins,Sanchez                   Sixto Sanchez,RP,0.103,0,Pre-Arbitration,742000.00,742000.00,742000.00,-
Miami Marlins,McMillon                   John McMillon,RP,0.047,3,Pre-Arbitration,740000.00,202878.00,740000.00,-
Miami Marlins,Faucher                   Calvin Faucher,RP,0.156,1,Pre-Arbitration,740000.00,681408.00,740000.00,-
Milwaukee Brewers,Montas                   Frankie Montas,SP,6.015,0,Veteran,14000000.00,5831935.00,14000000.00,-
Milwaukee Brewers,Adames                   Willy Adames,SS,5.105,0,Arbitration 3,12250000.00,12250000.00,12250000.00,-
Milwaukee Brewers,Hoskins                   Rhys Hoskins,DH,6.053,0,Veteran,12000000.00,12000000.00,12000000.00,-
Milwaukee Brewers,Williams                   Devin Williams,RP,4.056,0,Arbitration 2,7000000.00,7000000.00,7000000.00,-
Milwaukee Brewers,Peralta                   Freddy Peralta,SP,5.09,0,Arbitration 3 Bypassed,5734960.00,5734960.00,5500000.00,234960.00
Milwaukee Brewers,Civale                   Aaron Civale,SP,4.058,0,Arbitration 2,4900000.00,2318272.00,4900000.00,-
Milwaukee Brewers,Rea                   Colin Rea,SP,4.057,0,Veteran,4000000.00,4000000.00,3500000.00,-
Milwaukee Brewers,Sánchez                   Gary Sánchez,DH,7.086,0,Veteran,3000000.00,3000000.00,3000000.00,-
Milwaukee Brewers,Chourio                   Jackson Chourio,LF,,3,Veteran,2250000.00,2250000.00,2000000.00,250000.00
Milwaukee Brewers,Milner                   Hoby Milner,RP,4.068,0,Arbitration 2,2050000.00,2050000.00,2050000.00,-
Milwaukee Brewers,Ross                   Joe Ross,RP,6.018,0,Veteran,1750000.00,1750000.00,1750000.00,-
Milwaukee Brewers,Payamps                   Joel Payamps,RP,3.027,0,Arbitration 1,1650000.00,1650000.00,1650000.00,-
Milwaukee Brewers,Ashby                   Aaron Ashby,RP,2.046,1,Pre-Arbitration Bypassed,1450000.00,1450000.00,1250000.00,200000.00
Milwaukee Brewers,Bauers                   Jake Bauers,1B,3.084,0,Arbitration 1,1350000.00,1350000.00,1350000.00,-
Milwaukee Brewers,Clarke                   Taylor Clarke,RP,4.12,1,Arbitration 2,1250000.00,1250000.00,1250000.00,-
Milwaukee Brewers,Haase                   Eric Haase,C,3.058,0,Veteran,1050000.00,560720.00,1000000.00,-
Milwaukee Brewers,Perkins                   Blake Perkins,RF,0.133,2,Pre-Arbitration,800000.00,800000.00,800000.00,-
Milwaukee Brewers,Contreras                   William Contreras,C,2.112,1,Pre-Arbitration,766900.00,766900.00,766900.00,-
Milwaukee Brewers,Megill                   Trevor Megill,RP,2.002,1,Pre-Arbitration,756600.00,756600.00,756600.00,-
Milwaukee Brewers,Monasterio                   Andruw Monasterio,SS,0.128,3,Pre-Arbitration,752500.00,683774.00,752500.00,-
Milwaukee Brewers,Mears                   Nick Mears,RP,2.022,0,Pre-Arbitration,750000.00,258048.00,750000.00,-
Milwaukee Brewers,Turang                   Brice Turang,2B,0.165,1,Pre-Arbitration,748200.00,748200.00,748200.00,-
Milwaukee Brewers,Frelick                   Sal Frelick,RF,0.072,3,Pre-Arbitration,746500.00,746500.00,746500.00,-
Milwaukee Brewers,Mitchell                   Garrett Mitchell,CF,1.04,3,Pre-Arbitration,744300.00,744300.00,744300.00,-
Milwaukee Brewers,Hall                   D.L. Hall,RP,0.074,1,Pre-Arbitration,744200.00,668167.00,744200.00,-
Milwaukee Brewers,Ortiz                   Joey Ortiz,3B,0.03,2,Pre-Arbitration,741500.00,741500.00,741500.00,-
Milwaukee Brewers,Collins                   Isaac Collins,2B,,3,Pre-Arbitration,740000.00,83538.00,740000.00,-
Milwaukee Brewers,Myers                   Tobias Myers,SP,,2,Pre-Arbitration,740000.00,580788.00,740000.00,-
Milwaukee Brewers,Koenig                   Jared Koenig,RP,0.046,2,Pre-Arbitration,740000.00,624546.00,740000.00,-
Milwaukee Brewers,Yelich                   Christian Yelich,LF,10.069,0,Veteran,24170365.00,24170365.00,26000000.00,-
Milwaukee Brewers,Miley                   Wade Miley,SP,12.025,0,Veteran,7000000.00,7000000.00,7000000.00,-
Milwaukee Brewers,Woodruff                   Brandon Woodruff,SP,5.161,0,Veteran,2500000.00,2500000.00,2500000.00,-
Milwaukee Brewers,Wilson                   Bryse Wilson,RP,3.036,0,Arbitration 1,1000000.00,1000000.00,1000000.00,-
Milwaukee Brewers,Dunn                   Oliver Dunn,2B,,2,Pre-Arbitration,740000.00,290394.00,740000.00,-
Milwaukee Brewers,Zastryzny                   Rob Zastryzny,RP,1.064,0,Pre-Arbitration,740000.00,365976.00,740000.00,-
Milwaukee Brewers,Gasser                   Robert Gasser,SP,,3,Pre-Arbitration,740000.00,564876.00,740000.00,-
Milwaukee Brewers,Bukauskas                   J.B. Bukauskas,RP,1.086,1,Pre-Arbitration,740000.00,712062.00,740000.00,-
Minnesota Twins,Correa                   Carlos Correa,SS,8.119,0,Veteran,33333333.00,33333333.00,32000000.00,1333333.00
Minnesota Twins,Buxton                   Byron Buxton,CF,7.16,0,Veteran,15142857.00,15142857.00,15000000.00,142857.00
Minnesota Twins,Margot                   Manuel Margot,RF,7.012,0,Veteran,10000000.00,4000000.00,10000000.00,-
Minnesota Twins,Vazquez                   Christian Vazquez,C,9.031,0,Veteran,10000000.00,10000000.00,10000000.00,-
Minnesota Twins,López                   Pablo López,SP,5.093,0,Arbitration 3 Bypassed,8250000.00,8250000.00,8000000.00,250000.00
Minnesota Twins,Farmer                   Kyle Farmer,SS,5.129,0,Arbitration 3,6250000.00,6250000.00,6250000.00,-
Minnesota Twins,Santana                   Carlos Santana,1B,13.115,0,Veteran,5500000.00,5500000.00,5250000.00,-
Minnesota Twins,Castro                   Willi Castro,CF,4.017,0,Arbitration 2,3300000.00,3300000.00,3300000.00,-
Minnesota Twins,Thielbar                   Caleb Thielbar,RP,5.131,0,Arbitration 4 (S2),3225000.00,3225000.00,3225000.00,-
Minnesota Twins,Jeffers                   Ryan Jeffers,C,3.089,2,Arbitration 1,2425000.00,2425000.00,2425000.00,-
Minnesota Twins,Dobnak                   Randy Dobnak,RP,3.038,3,Arbitration 3 Bypassed,2250000.00,2250000.00,2250000.00,-
Minnesota Twins,Topa                   Justin Topa,RP,3.044,2,Arbitration 1,1250000.00,1250000.00,1250000.00,-
Minnesota Twins,Tonkin                   Michael Tonkin,RP,3.074,0,Veteran,1000000.00,177408.00,1000000.00,-
Minnesota Twins,Alcala                   Jorge Alcala,RP,4.014,2,Arbitration 2,790000.00,790000.00,790000.00,-
Minnesota Twins,Ober                   Bailey Ober,SP,2.093,1,Pre-Arbitration,761850.00,761850.00,761850.00,-
Minnesota Twins,Jax                   Griffin Jax,RP,2.091,2,Pre-Arbitration,761750.00,761750.00,761750.00,-
Minnesota Twins,Sands                   Cole Sands,RP,1.017,1,Pre-Arbitration,749450.00,749450.00,749450.00,-
Minnesota Twins,Duran                   Jhoan Duran,RP,2,1,Pre-Arbitration,747200.00,747200.00,747200.00,-
Minnesota Twins,Julien                   Edouard Julien,2B,0.135,1,Pre-Arbitration,746750.00,481800.00,746750.00,-
Minnesota Twins,Lewis                   Royce Lewis,3B,1.142,2,Pre-Arbitration,745700.00,745700.00,745700.00,-
Minnesota Twins,Varland                   Louie Varland,SP,0.108,1,Pre-Arbitration,745400.00,220440.00,745400.00,-
Minnesota Twins,Keirsey                   DaShawn Keirsey,OF,,3,Pre-Arbitration,740000.00,43758.00,740000.00,-
Minnesota Twins,Helman                   Michael Helman,2B,,3,Pre-Arbitration,740000.00,51714.00,740000.00,-
Minnesota Twins,Blewett                   Scott Blewett,RP,0.043,0,Pre-Arbitration,740000.00,159120.00,740000.00,-
Minnesota Twins,Matthews                   Zebby Matthews,SP,,3,Pre-Arbitration,740000.00,186966.00,740000.00,-
Minnesota Twins,Festa                   David Festa,SP,,3,Pre-Arbitration,740000.00,306306.00,740000.00,-
Minnesota Twins,Lee                   Brooks Lee,SS,,3,Pre-Arbitration,740000.00,350064.00,740000.00,-
Minnesota Twins,Martin                   Austin Martin,SS,,2,Pre-Arbitration,740000.00,560898.00,740000.00,-
Minnesota Twins,DeSclafani                   Anthony DeSclafani,RP,9.062,0,Veteran,12000000.00,4000000.00,12000000.00,-
Minnesota Twins,Kepler                   Max Kepler,RF,7.152,0,Veteran,10000000.00,10000000.00,10000000.00,-
Minnesota Twins,Paddack                   Chris Paddack,SP,5,0,Arbitration 3 Bypassed,2525000.00,2525000.00,2525000.00,-
Minnesota Twins,Kirilloff                   Alex Kirilloff,1B,2.141,1,Arbitration 1 (S2),1350000.00,1350000.00,1350000.00,-
Minnesota Twins,Stewart                   Brock Stewart,RP,2.093,0,Pre-Arbitration,900000.00,900000.00,900000.00,-
Minnesota Twins,Ryan                   Joe Ryan,SP,2.033,3,Pre-Arbitration,758850.00,758850.00,758850.00,-
Minnesota Twins,Duarte                   Daniel Duarte,RP,1.087,1,Pre-Arbitration,750000.00,750000.00,750000.00,-
Minnesota Twins,Wallner                   Matt Wallner,DH,0.111,1,Pre-Arbitration,745550.00,416832.00,745550.00,-
Minnesota Twins,Larnach                   Trevor Larnach,LF,2.101,1,Pre-Arbitration,740000.00,660348.00,740000.00,-
Minnesota Twins,Miranda                   Jose Miranda,3B,1.118,1,Pre-Arbitration,740000.00,692172.00,740000.00,-
New York Mets,Lindor                   Francisco Lindor,SS,8.113,0,Veteran,34175000.00,34175000.00,32000000.00,2100000.00
New York Mets,Marte                   Starling Marte,RF,10.162,0,Veteran,20750000.00,20750000.00,19500000.00,1250000.00
New York Mets,Nimmo                   Brandon Nimmo,LF,7.042,0,Veteran,20500000.00,20500000.00,20250000.00,250000.00
New York Mets,Alonso                   Pete Alonso,1B,5,0,Arbitration 3,20500000.00,20500000.00,20500000.00,-
New York Mets,Diaz                   Edwin Diaz,RP,7.121,0,Veteran,18256595.00,18256595.00,17250000.00,4000000.00
New York Mets,Severino                   Luis Severino,SP,7.17,0,Veteran,15000000.00,15000000.00,13000000.00,-
New York Mets,Manaea                   Sean Manaea,SP,7.157,0,Veteran,14500000.00,14500000.00,14500000.00,-
New York Mets,Quintana                   Jose Quintana,SP,11.133,0,Veteran,13000000.00,13000000.00,13000000.00,-
New York Mets,Martinez                   J.D. Martinez,DH,12.036,0,Veteran,12000000.00,4500000.00,9500000.00,2500000.00
New York Mets,Bader                   Harrison Bader,CF,6.03,0,Veteran,10500000.00,10500000.00,9500000.00,1000000.00
New York Mets,Maton                   Phil Maton,RP,6.047,0,Veteran,6250000.00,2755364.00,6250000.00,-
New York Mets,Stanek                   Ryne Stanek,RP,6.038,0,Veteran,4500000.00,1419355.00,4000000.00,-
New York Mets,Ottavino                   Adam Ottavino,RP,12.087,0,Veteran,4500000.00,4500000.00,4500000.00,-
New York Mets,Peterson                   David Peterson,SP,3.089,1,Arbitration 1,2150000.00,2150000.00,2150000.00,-
New York Mets,Taylor                   Tyrone Taylor,CF,3.093,0,Arbitration 1,2025000.00,2025000.00,2025000.00,-
New York Mets,Winker                   Jesse Winker,LF,6.08,0,Veteran,2000000.00,688172.00,2000000.00,-
New York Mets,Iglesias                   Jose Iglesias,3B,10.036,0,Veteran,1500000.00,983871.00,1500000.00,-
New York Mets,Young                   Alex Young,RP,3.143,1,Arbitration 1,1160000.00,461538.00,1160000.00,-
New York Mets,Torrens                   Luis Torrens,C,3.155,0,Veteran,1000000.00,787097.00,1000000.00,-
New York Mets,Megill                   Tylor Megill,SP,2.073,1,Pre-Arbitration,766250.00,543840.00,766250.00,-
New York Mets,Alvarez                   Francisco Alvarez,C,1.006,3,Pre-Arbitration,762500.00,762500.00,762500.00,-
New York Mets,Brazoban                   Huascar Brazoban,RP,1.074,2,Pre-Arbitration,753000.00,242880.00,753000.00,-
New York Mets,Acuna                   Luisangel Acuna,SS,,1,Pre-Arbitration,740000.00,59670.00,740000.00,-
New York Mets,Alvarez                   Eddy Alvarez,2B,0.146,3,Pre-Arbitration,740000.00,79560.00,740000.00,-
New York Mets,Butto                   Jose Butto,RP,0.046,0,Pre-Arbitration,740000.00,477360.00,740000.00,-
New York Mets,Vientos                   Mark Vientos,3B,0.132,0,Pre-Arbitration,740000.00,556920.00,740000.00,-
New York Mets,Young                   Danny Young,RP,0.05,0,Pre-Arbitration,740000.00,564876.00,740000.00,-
New York Mets,Garrett                   Reed Garrett,RP,0.143,1,Pre-Arbitration,740000.00,720018.00,740000.00,-
New York Mets,Senga                   Kodai Senga,SP,1,3,Veteran,15000000.00,15000000.00,14000000.00,1000000.00
New York Mets,McNeil                   Jeff McNeil,2B,5.069,0,Arbitration 3,10250000.00,10250000.00,10250000.00,-
New York Mets,Raley                   Brooks Raley,RP,4.045,0,,6500000.00,6500000.00,6500000.00,-
New York Mets,Blackburn                   Paul Blackburn,SP,4.018,0,Arbitration 2,3450000.00,1112880.00,3450000.00,-
New York Mets,Smith                   Drew Smith,RP,5.034,0,Arbitration 3,2225000.00,2225000.00,2225000.00,-
New York Mets,Reid-Foley                   Sean Reid-Foley,RP,2.133,0,Pre-Arbitration,772750.00,772750.00,772750.00,-
New York Mets,Mauricio                   Ronny Mauricio,SS,0.031,1,Pre-Arbitration,743500.00,743500.00,743500.00,-
New York Mets,Scott                   Christian Scott,SP,,2,Pre-Arbitration,740000.00,457470.00,740000.00,-
New York Mets,Nunez                   Dedniel Nunez,RP,0.074,2,Pre-Arbitration,740000.00,517140.00,740000.00,-
New York Yankees,Judge                   Aaron Judge,CF,7.051,0,Veteran,40000000.00,40000000.00,40000000.00,-
New York Yankees,Cole                   Gerrit Cole,SP,10.111,0,Veteran,36000000.00,36000000.00,36000000.00,-
New York Yankees,Stanton                   Giancarlo Stanton,DH,13.118,0,Veteran,32000000.00,32000000.00,32000000.00,-
New York Yankees,Soto                   Juan Soto,RF,5.134,0,Arbitration 4 (S2),31000000.00,31000000.00,31000000.00,-
New York Yankees,Rodon                   Carlos Rodon,SP,8.168,0,Veteran,27833333.00,27833333.00,27000000.00,833333.00
New York Yankees,Stroman                   Marcus Stroman,SP,9.026,0,Veteran,18500000.00,18500000.00,18000000.00,500000.00
New York Yankees,Rizzo                   Anthony Rizzo,1B,11.168,0,Veteran,17000000.00,17000000.00,17000000.00,-
New York Yankees,Torres                   Gleyber Torres,2B,5.162,0,Arbitration 4 (S2),14200000.00,14200000.00,14200000.00,-
New York Yankees,Verdugo                   Alex Verdugo,LF,5.078,0,Arbitration 3,9200000.00,9200000.00,8700000.00,-
New York Yankees,Holmes                   Clay Holmes,RP,5.031,0,Arbitration 3,6050000.00,6050000.00,6000000.00,-
New York Yankees,Kahnle                   Tommy Kahnle,RP,8.131,0,Veteran,5750000.00,5750000.00,5750000.00,-
New York Yankees,Grisham                   Trent Grisham,CF,4.06,0,Arbitration 2,5500000.00,5500000.00,5500000.00,-
New York Yankees,Berti                   Jon Berti,2B,4.168,0,Arbitration 3 (S2),3625000.00,3625000.00,3625000.00,-
New York Yankees,Trevino                   Jose Trevino,C,4.063,0,Arbitration 2,2730000.00,2730000.00,2730000.00,-
New York Yankees,Chisholm                   Jazz Chisholm,3B,3.075,2,Arbitration 1,2625000.00,903232.00,2625000.00,-
New York Yankees,Weaver                   Luke Weaver,RP,6.112,0,Veteran,2250000.00,2250000.00,2000000.00,-
New York Yankees,Schmidt                   Clarke Schmidt,SP,2.148,1,Arbitration 1 (S2),2025000.00,2025000.00,2025000.00,-
New York Yankees,Leiter Jr.                   Mark Leiter Jr.,RP,3.031,0,Arbitration 1,1500000.00,500000.00,1500000.00,-
New York Yankees,Hamilton                   Ian Hamilton,RP,1.126,1,Pre-Arbitration,923050.00,923050.00,923050.00,-
New York Yankees,Volpe                   Anthony Volpe,SS,1,3,Pre-Arbitration,810100.00,810100.00,810100.00,-
New York Yankees,Cabrera                   Oswaldo Cabrera,LF,1.048,2,Pre-Arbitration,783000.00,783000.00,783000.00,-
New York Yankees,Wells                   Austin Wells,C,0.031,3,Pre-Arbitration,750000.00,750000.00,750000.00,-
New York Yankees,Gil                   Luis Gil,SP,1.073,1,Pre-Arbitration,750000.00,750000.00,750000.00,-
New York Yankees,Domínguez                   Jasson Domínguez,OF,0.031,2,Pre-Arbitration,745800.00,392980.00,745800.00,-
New York Yankees,Beeter                   Clayton Beeter,RP,,2,Pre-Arbitration,740000.00,43527.00,740000.00,-
New York Yankees,Mayza                   Tim Mayza,RP,4.156,0,Arbitration 3 (S2),740000.00,175032.00,740000.00,-
New York Yankees,Rice                   Ben Rice,C,,2,Pre-Arbitration,740000.00,302328.00,740000.00,-
New York Yankees,Hill                   Tim Hill,RP,5.112,0,Veteran,740000.00,401778.00,740000.00,-
New York Yankees,LeMahieu                   D.J. LeMahieu,3B,11.128,0,Veteran,15000000.00,15000000.00,15000000.00,-
New York Yankees,Cortes                   Nestor Cortes,SP,4.094,0,Arbitration 2,3950000.00,3950000.00,3950000.00,-
New York Yankees,Loaisiga                   Jonathan Loaisiga,RP,5.022,0,Arbitration 3,2500000.00,2500000.00,2500000.00,-
New York Yankees,Brubaker                   JT Brubaker,SP,4,0,Arbitration 2,2275000.00,2275000.00,2275000.00,-
New York Yankees,Trivino                   Lou Trivino,RP,5.163,0,Veteran,1500000.00,1500000.00,1500000.00,-
New York Yankees,Cousins                   Jake Cousins,RP,1.16,1,Pre-Arbitration,740000.00,405756.00,740000.00,-
Philadelphia Phillies,Harper                   Bryce Harper,1B,11.159,0,Veteran,27538462.00,27538462.00,26000000.00,1538462.00
Philadelphia Phillies,Turner                   Trea Turner,SS,7.135,0,Veteran,27272727.00,27272727.00,27272727.00,-
Philadelphia Phillies,Nola                   Aaron Nola,SP,8.076,0,Veteran,24571428.00,24571428.00,24571428.00,-
Philadelphia Phillies,Realmuto                   J.T. Realmuto,C,9.038,0,Veteran,23875000.00,23875000.00,23875000.00,-
Philadelphia Phillies,Wheeler                   Zack Wheeler,SP,10.098,0,Veteran,23500000.00,23500000.00,23500000.00,-
Philadelphia Phillies,Schwarber                   Kyle Schwarber,DH,8.086,0,Veteran,20000000.00,20000000.00,20000000.00,-
Philadelphia Phillies,Castellanos                   Nick Castellanos,RF,10.029,0,Veteran,20000000.00,20000000.00,20000000.00,-
Philadelphia Phillies,Walker                   Taijuan Walker,RP,9.142,0,Veteran,18000000.00,18000000.00,18000000.00,-
Philadelphia Phillies,Strahm                   Matt Strahm,RP,7.064,0,Veteran,7500000.00,7500000.00,7500000.00,-
Philadelphia Phillies,Estevez                   Carlos Estevez,RP,7.022,0,Veteran,6750000.00,2322560.00,6750000.00,-
Philadelphia Phillies,Hays                   Austin Hays,LF,4.057,0,Arbitration 2,6300000.00,2201615.00,6300000.00,-
Philadelphia Phillies,Alvarado                   Jose Alvarado,RP,6.088,0,Veteran,5129022.00,5129022.00,9000000.00,16667.00
Philadelphia Phillies,Suarez                   Ranger Suarez,SP,4.112,0,Arbitration 2,5050000.00,5050000.00,5050000.00,-
Philadelphia Phillies,Bohm                   Alec Bohm,3B,3.106,2,Arbitration 1,4000000.00,4000000.00,4000000.00,-
Philadelphia Phillies,Hoffman                   Jeff Hoffman,RP,5.084,0,Arbitration 3,2200000.00,2200000.00,2200000.00,-
Philadelphia Phillies,Sosa                   Edmundo Sosa,3B,3.14,0,Arbitration 2 (S2),1700000.00,1700000.00,1700000.00,-
Philadelphia Phillies,Allard                   Kolby Allard,SP,3.162,0,Veteran,1025000.00,1025000.00,1000000.00,-
Philadelphia Phillies,Ruiz                   Jose Ruiz,RP,3.17,0,Veteran,1000000.00,801075.00,1000000.00,-
Philadelphia Phillies,Stubbs                   Garrett Stubbs,C,3.12,1,Arbitration 1,850000.00,850000.00,850000.00,-
Philadelphia Phillies,Stott                   Bryson Stott,2B,2,3,Pre-Arbitration,768000.00,768000.00,768000.00,-
Philadelphia Phillies,Marsh                   Brandon Marsh,CF,2.078,2,Pre-Arbitration,766500.00,766500.00,766500.00,-
Philadelphia Phillies,Banks                   Tanner Banks,RP,1.092,1,Pre-Arbitration,755050.00,243540.00,755050.00,-
Philadelphia Phillies,Sanchez                   Cristopher Sanchez,SP,1.083,0,Pre-Arbitration,753500.00,753500.00,753500.00,-
Philadelphia Phillies,Rojas                   Johan Rojas,CF,0.08,2,Pre-Arbitration,745000.00,700875.00,745000.00,-
Philadelphia Phillies,Kerkering                   Orion Kerkering,RP,0.01,3,Pre-Arbitration,742500.00,742500.00,742500.00,-
Philadelphia Phillies,Kennedy                   Buddy Kennedy,3B,0.096,0,Pre-Arbitration,740000.00,55692.00,740000.00,-
Philadelphia Phillies,Wilson                   Weston Wilson,1B,0.02,1,Pre-Arbitration,740000.00,361998.00,740000.00,-
Philadelphia Phillies,Clemens                   Kody Clemens,2B,1.035,0,Pre-Arbitration,740000.00,385866.00,740000.00,-
Philadelphia Phillies,Turnbull                   Spencer Turnbull,SP,5.02,0,Veteran,2200000.00,2200000.00,2000000.00,-
Philadelphia Phillies,Ortiz                   Luis Ortiz,RP,0.103,1,Pre-Arbitration,744000.00,744000.00,744000.00,-
Philadelphia Phillies,Castro                   Rodolfo Castro,SS,1.124,0,Pre-Arbitration,740000.00,87516.00,740000.00,-
Pittsburgh Pirates,Chapman                   Aroldis Chapman,RP,13.009,0,Veteran,10500000.00,10500000.00,10500000.00,-
Pittsburgh Pirates,Reynolds                   Bryan Reynolds,RF,4.163,0,Arbitration 3 Bypassed,10250000.00,10250000.00,10000000.00,250000.00
Pittsburgh Pirates,Kiner-Falefa                   Isiah Kiner-Falefa,SS,6,0,Veteran,7500000.00,250000.00,7500000.00,-
Pittsburgh Pirates,Keller                   Mitch Keller,SP,4.026,0,Arbitration 2 Bypassed,5854000.00,5854000.00,5442500.00,411500.00
Pittsburgh Pirates,McCutchen                   Andrew McCutchen,DH,14.123,0,Veteran,5000000.00,5000000.00,5000000.00,-
Pittsburgh Pirates,Bednar                   David Bednar,RP,3.076,2,Arbitration 1,4510000.00,4510000.00,4510000.00,-
Pittsburgh Pirates,Grandal                   Yasmani Grandal,C,11.115,0,Veteran,2500000.00,2500000.00,2500000.00,-
Pittsburgh Pirates,Joe                   Connor Joe,1B,2.136,2,Arbitration 1 (S2),2125000.00,2125000.00,2125000.00,-
Pittsburgh Pirates,Beeks                   Jalen Beeks,RP,5.003,0,Arbitration 3,1675000.00,549305.00,1675000.00,-
Pittsburgh Pirates,Borucki                   Ryan Borucki,RP,5.066,0,Arbitration 3,1600000.00,1600000.00,1600000.00,-
Pittsburgh Pirates,Bart                   Joey Bart,C,2.02,0,Pre-Arbitration,770000.00,712062.00,770000.00,-
Pittsburgh Pirates,De La Cruz                   Bryan De La Cruz,RF,2.056,2,Pre-Arbitration,768000.00,247740.00,768000.00,-
Pittsburgh Pirates,Holderman                   Colin Holderman,RP,1.144,3,Pre-Arbitration,755000.00,755000.00,755000.00,-
Pittsburgh Pirates,Falter                   Bailey Falter,SP,1.138,0,Pre-Arbitration,755000.00,755000.00,755000.00,-
Pittsburgh Pirates,Cruz                   Oneil Cruz,CF,1.11,0,Pre-Arbitration,755000.00,755000.00,755000.00,-
Pittsburgh Pirates,Mlodzinski                   Carmen Mlodzinski,RP,0.108,2,Pre-Arbitration,747500.00,606869.00,747500.00,-
Pittsburgh Pirates,Ortiz                   Luis Ortiz,SP,0.121,2,Pre-Arbitration,747500.00,747500.00,747500.00,-
Pittsburgh Pirates,Wentz                   Joey Wentz,RP,0.166,0,Pre-Arbitration,746700.00,96360.00,746700.00,-
Pittsburgh Pirates,Triolo                   Jared Triolo,3B,0.078,2,Pre-Arbitration,745000.00,745000.00,745000.00,-
Pittsburgh Pirates,Burrows                   Michael Burrows,SP,,1,Pre-Arbitration,740000.00,7956.00,740000.00,-
Pittsburgh Pirates,Peguero                   Liover Peguero,SS,0.08,1,Pre-Arbitration,740000.00,31824.00,740000.00,-
Pittsburgh Pirates,Mattson                   Isaac Mattson,RP,0.018,2,Pre-Arbitration,740000.00,39780.00,740000.00,-
Pittsburgh Pirates,Cook                   Billy Cook,OF,,3,Pre-Arbitration,740000.00,83538.00,740000.00,-
Pittsburgh Pirates,Palacios                   Joshua Palacios,CF,1.047,0,Pre-Arbitration,740000.00,202878.00,740000.00,-
Pittsburgh Pirates,Santana                   Dennis Santana,RP,3.126,0,Veteran,740000.00,429624.00,740000.00,-
Pittsburgh Pirates,Gonzales                   Nick Gonzales,2B,0.047,1,Pre-Arbitration,740000.00,564876.00,740000.00,-
Pittsburgh Pirates,Skenes                   Paul Skenes,SP,,3,Pre-Arbitration,740000.00,564946.00,740000.00,-
Pittsburgh Pirates,Yorke                   Nick Yorke,2B,,3,Pre-Arbitration,740000.00,740000.00,740000.00,-
Pittsburgh Pirates,Gonzales                   Marco Gonzales,SP,6.102,0,Veteran,12250000.00,3000000.00,12000000.00,250000.00
Pittsburgh Pirates,Hayes                   Ke'Bryan Hayes,3B,3.075,2,Arbitration 1 Bypassed,7000000.00,7000000.00,7000000.00,-
Pittsburgh Pirates,Oviedo                   Johan Oviedo,SP,2.079,1,Pre-Arbitration,765000.00,765000.00,765000.00,-
Pittsburgh Pirates,Moreta                   Dauri Moreta,RP,1.104,1,Pre-Arbitration,755000.00,755000.00,755000.00,-
Pittsburgh Pirates,Davis                   Henry Davis,C,0.105,2,Pre-Arbitration,747500.00,285349.00,747500.00,-
Pittsburgh Pirates,Stratton                   Hunter Stratton,RP,0.028,2,Pre-Arbitration,745000.00,704880.00,745000.00,-
Pittsburgh Pirates,Rodríguez                   Endy Rodríguez,C,0.077,2,Pre-Arbitration,745000.00,745000.00,745000.00,-
Pittsburgh Pirates,Heller                   Ben Heller,RP,3.102,0,Veteran,740000.00,230724.00,740000.00,-
Pittsburgh Pirates,Jefferies                   Daulton Jefferies,SP,1.048,1,Pre-Arbitration,740000.00,417690.00,740000.00,-
Pittsburgh Pirates,Nicolas                   Kyle Nicolas,RP,0.013,2,Pre-Arbitration,740000.00,620568.00,740000.00,-
San Diego Padres,Bogaerts                   Xander Bogaerts,2B,10.042,0,Veteran,25454545.00,25454545.00,25000000.00,454545.00
San Diego Padres,Musgrove                   Joe Musgrove,SP,7.063,0,Veteran,20000000.00,20000000.00,20000000.00,-
San Diego Padres,Machado                   Manny Machado,3B,11.056,0,Veteran,17090909.00,17090909.00,13000000.00,4090909.00
San Diego Padres,Darvish                   Yu Darvish,SP,12,0,Veteran,16000000.00,16000000.00,15000000.00,1000000.00
San Diego Padres,Suarez                   Robert Suarez,RP,2,0,Veteran,13000000.00,13000000.00,10000000.00,-
San Diego Padres,Tatis Jr.                   Fernando Tatis Jr.,RF,4.12,0,Arbitration 3 Bypassed,11714285.00,11714285.00,11000000.00,714286.00
San Diego Padres,Arraez                   Luis Arraez,1B,4.121,0,Arbitration 3 (S2),10600000.00,592796.00,10600000.00,-
San Diego Padres,Pérez                   Martín Pérez,SP,11.038,0,Veteran,8000000.00,1333333.00,8000000.00,-
San Diego Padres,Cease                   Dylan Cease,SP,4.089,0,Arbitration 2,8000000.00,8000000.00,8000000.00,-
San Diego Padres,Cronenworth                   Jake Cronenworth,1B,4,0,Arbitration 2 Bypassed,7285714.00,7285714.00,7000000.00,285714.00
San Diego Padres,Scott                   Tanner Scott,RP,5.059,0,Arbitration 3,5700000.00,1838700.00,5700000.00,-
San Diego Padres,Peralta                   Wandy Peralta,RP,6.168,0,Veteran,3350000.00,3350000.00,3350000.00,-
San Diego Padres,Matsui                   Yuki Matsui,RP,,0,Veteran,3250000.00,3250000.00,3250000.00,-
San Diego Padres,King                   Michael King,SP,4.004,0,Arbitration 2,3150000.00,3150000.00,3150000.00,-
San Diego Padres,Profar                   Jurickson Profar,LF,9.165,0,Veteran,2500000.00,2500000.00,1000000.00,-
San Diego Padres,Higashioka                   Kyle Higashioka,C,5.005,0,Arbitration 3,2180000.00,2180000.00,2180000.00,-
San Diego Padres,Ahmed                   Nick Ahmed,SS,9.043,0,Veteran,1000000.00,37632.00,1000000.00,-
San Diego Padres,Diaz                   Elias Diaz,C,7.088,0,Veteran,1000000.00,150538.00,1000000.00,-
San Diego Padres,Peralta                   David Peralta,LF,9.12,0,Veteran,1000000.00,698925.00,1000000.00,-
San Diego Padres,Solano                   Donovan Solano,DH,8.081,0,Veteran,1000000.00,790323.00,1000000.00,-
San Diego Padres,Wade                   Tyler Wade,3B,4.058,0,Veteran,850000.00,850000.00,850000.00,-
San Diego Padres,Morejon                   Adrian Morejon,RP,3.14,1,Arbitration 2,850000.00,850000.00,850000.00,-
San Diego Padres,Hoeing                   Bryan Hoeing,RP,1.015,2,Pre-Arbitration,750500.00,250170.00,750500.00,-
San Diego Padres,Waldron                   Matt Waldron,SP,0.054,1,Pre-Arbitration,741800.00,594212.00,741800.00,-
San Diego Padres,Lockridge                   Brandon Lockridge,OF,,3,Pre-Arbitration,740000.00,71604.00,740000.00,-
San Diego Padres,Estrada                   Jeremiah Estrada,RP,0.08,1,Pre-Arbitration,740000.00,620568.00,740000.00,-
San Diego Padres,Merrill                   Jackson Merrill,CF,,3,Pre-Arbitration,740000.00,740000.00,740000.00,-
San Diego Padres,Kim                   Ha-seong Kim,SS,3,0,Veteran,7000000.00,7000000.00,7000000.00,-
San Diego Padres,Patino                   Luis Patino,SP,2.061,0,Pre-Arbitration,749400.00,749400.00,749400.00,-
San Diego Padres,McCoy                   Mason McCoy,SS,0.025,3,Pre-Arbitration,740000.00,155142.00,740000.00,-
San Diego Padres,Brito                   Jhony Brito,SP,0.113,1,Pre-Arbitration,740000.00,389844.00,740000.00,-
San Diego Padres,Kolek                   Stephen Kolek,RP,,3,Pre-Arbitration,740000.00,740000.00,740000.00,-
San Francisco Giants,Snell                   Blake Snell,SP,7.072,0,Veteran,23500000.00,23500000.00,15000000.00,8500000.00
San Francisco Giants,Conforto                   Michael Conforto,DH,7.043,0,Veteran,18000000.00,18000000.00,18000000.00,-
San Francisco Giants,Chapman                   Matt Chapman,3B,6.109,0,Veteran,16666666.00,16666666.00,16000000.00,666666.00
San Francisco Giants,Rogers                   Taylor Rogers,RP,7.145,0,Veteran,12000000.00,12000000.00,12000000.00,-
San Francisco Giants,Webb                   Logan Webb,SP,4.044,0,Arbitration 2 Bypassed,8000000.00,8000000.00,8000000.00,-
San Francisco Giants,Yastrzemski                   Mike Yastrzemski,RF,4.128,0,Arbitration 3 (S2),7900000.00,7900000.00,7900000.00,-
San Francisco Giants,Wade Jr.                   LaMonte Wade Jr.,1B,4.035,0,Arbitration 2,3500000.00,3500000.00,3500000.00,-
San Francisco Giants,Rogers                   Tyler Rogers,RP,4.034,0,Arbitration 2,3200000.00,3200000.00,3200000.00,-
San Francisco Giants,Casali                   Curt Casali,C,7.151,0,Veteran,1000000.00,1000000.00,1000000.00,-
San Francisco Giants,Doval                   Camilo Doval,RP,2.071,2,Pre-Arbitration,770000.00,707940.00,770000.00,-
San Francisco Giants,Warren                   Austin Warren,RP,1.171,1,Pre-Arbitration,755000.00,523611.00,755000.00,-
San Francisco Giants,Walker                   Ryan Walker,RP,0.136,3,Pre-Arbitration,747500.00,747500.00,747500.00,-
San Francisco Giants,Beck                   Tristan Beck,RP,0.129,2,Pre-Arbitration,747500.00,747500.00,747500.00,-
San Francisco Giants,Bailey                   Patrick Bailey,C,0.136,3,Pre-Arbitration,747500.00,747500.00,747500.00,-
San Francisco Giants,Hjelle                   Sean Hjelle,RP,0.072,1,Pre-Arbitration,743750.00,743750.00,743750.00,-
San Francisco Giants,Fitzgerald                   Tyler Fitzgerald,SS,0.011,2,Pre-Arbitration,741875.00,638240.00,741875.00,-
San Francisco Giants,McDonald                   Trevor McDonald,SP,,2,Pre-Arbitration,740000.00,3978.00,740000.00,-
San Francisco Giants,Walton                   Donnie Walton,SS,1.012,0,Pre-Arbitration,740000.00,63648.00,740000.00,-
San Francisco Giants,McCray                   Grant McCray,CF,,3,Pre-Arbitration,740000.00,182988.00,740000.00,-
San Francisco Giants,Encarnacion                   Jerar Encarnacion,OF,0.053,0,Pre-Arbitration,740000.00,230724.00,740000.00,-
San Francisco Giants,Matos                   Luis Matos,OF,0.098,1,Pre-Arbitration,740000.00,278460.00,740000.00,-
San Francisco Giants,Schmitt                   Casey Schmitt,3B,0.133,1,Pre-Arbitration,740000.00,286416.00,740000.00,-
San Francisco Giants,Bivens                   Spencer Bivens,RP,,2,Pre-Arbitration,740000.00,298350.00,740000.00,-
San Francisco Giants,Birdsong                   Hayden Birdsong,SP,,3,Pre-Arbitration,740000.00,326196.00,740000.00,-
San Francisco Giants,Wisely                   Brett Wisely,2B,0.075,0,Pre-Arbitration,740000.00,525161.00,740000.00,-
San Francisco Giants,Ramos                   Heliot Ramos,LF,0.13,0,Pre-Arbitration,740000.00,572832.00,740000.00,-
San Francisco Giants,Rodriguez                   Randy Rodriguez,RP,,1,Pre-Arbitration,740000.00,580788.00,740000.00,-
San Francisco Giants,Miller                   Erik Miller,RP,,3,Pre-Arbitration,740000.00,740000.00,740000.00,-
San Francisco Giants,Ray                   Robbie Ray,SP,9.007,0,Veteran,23000000.00,23000000.00,23000000.00,-
San Francisco Giants,Canha                   Mark Canha,1B,8.092,0,Veteran,11500000.00,3709680.00,11500000.00,-
San Francisco Giants,Lee                   Jung Hoo Lee,CF,,3,Veteran,8250000.00,8250000.00,7000000.00,1250000.00
San Francisco Giants,Hicks                   Jordan Hicks,RP,6,0,Veteran,6583333.00,6583333.00,6000000.00,500000.00
San Francisco Giants,Flores                   Wilmer Flores,1B,10.003,0,Veteran,6500000.00,6500000.00,6500000.00,-
San Francisco Giants,Murphy                   Tom Murphy,C,6.092,0,Veteran,4000000.00,4000000.00,4000000.00,-
San Francisco Giants,Winn                   Keaton Winn,SP,0.053,2,Pre-Arbitration,743750.00,743750.00,743750.00,-
San Francisco Giants,Harrison                   Kyle Harrison,SP,0.041,3,Pre-Arbitration,743750.00,743750.00,743750.00,-
Seattle Mariners,Haniger                   Mitch Haniger,RF,7.048,0,Veteran,22000000.00,16000000.00,17000000.00,4000000.00
Seattle Mariners,Turner                   Justin Turner,DH,13.045,0,Veteran,13500000.00,2903226.00,13000000.00,-
Seattle Mariners,Rodriguez                   Julio Rodriguez,CF,2,3,Pre-Arbitration Bypassed,12185714.00,12185714.00,10000000.00,2185714.00
Seattle Mariners,Crawford                   J.P. Crawford,SS,5.163,0,Arbitration 4 Bypassed,11000000.00,11000000.00,10000000.00,1000000.00
Seattle Mariners,Garver                   Mitch Garver,DH,6.045,0,Veteran,10500000.00,10500000.00,9500000.00,1000000.00
Seattle Mariners,Polanco                   Jorge Polanco,2B,7.024,0,Veteran,10500000.00,10500000.00,10500000.00,-
Seattle Mariners,Arozarena                   Randy Arozarena,LF,3.129,2,Arbitration 2 (S2),8100000.00,2830620.00,8100000.00,-
Seattle Mariners,Urias                   Luis Urias,3B,4.098,0,Arbitration 3 (S2),5000000.00,5000000.00,5000000.00,-
Seattle Mariners,Gilbert                   Logan Gilbert,SP,2.144,3,Arbitration 1 (S2),4050000.00,4050000.00,4050000.00,-
Seattle Mariners,Moore                   Dylan Moore,2B,5,0,Arbitration 3 Bypassed,3133333.00,3133333.00,3050000.00,83333.00
Seattle Mariners,Rojas                   Josh Rojas,3B,3.126,1,Arbitration 2 (S2),3100000.00,3100000.00,3100000.00,-
Seattle Mariners,Munoz                   Andres Munoz,RP,4.08,0,Arbitration 2 Bypassed,2187500.00,2187500.00,2000000.00,187500.00
Seattle Mariners,Voth                   Austin Voth,RP,4.115,0,Veteran,1400000.00,1400000.00,1250000.00,-
Seattle Mariners,Chargois                   J.T. Chargois,RP,4.101,0,Arbitration 2,1285000.00,414540.00,1285000.00,-
Seattle Mariners,Thornton                   Trent Thornton,RP,3.148,0,Arbitration 3 (S2),1200000.00,1200000.00,1200000.00,-
Seattle Mariners,Bazardo                   Eduard Bazardo,RP,0.168,0,Pre-Arbitration,870600.00,566401.00,870600.00,-
Seattle Mariners,Kirby                   George Kirby,SP,1.151,3,Pre-Arbitration,798600.00,798600.00,798600.00,-
Seattle Mariners,Raleigh                   Cal Raleigh,C,2.085,3,Pre-Arbitration,795000.00,795000.00,795000.00,-
Seattle Mariners,Raley                   Luke Raley,LF,1.106,0,Pre-Arbitration,754200.00,754200.00,754200.00,-
Seattle Mariners,Speier                   Gabe Speier,RP,2.03,0,Pre-Arbitration,753300.00,571050.00,753300.00,-
Seattle Mariners,Saucedo                   Tayler Saucedo,RP,2.107,1,Pre-Arbitration,753100.00,753100.00,753100.00,-
Seattle Mariners,Santos                   Gregory Santos,RP,1.055,1,Pre-Arbitration,750000.00,750000.00,750000.00,-
Seattle Mariners,Woo                   Bryan Woo,SP,0.121,3,Pre-Arbitration,749000.00,749000.00,749000.00,-
Seattle Mariners,Snider                   Collin Snider,RP,0.167,0,Pre-Arbitration,747300.00,530376.00,747300.00,-
Seattle Mariners,Hancock                   Emerson Hancock,SP,0.054,2,Pre-Arbitration,741300.00,223160.00,741300.00,-
Seattle Mariners,Taylor                   Troy Taylor,RP,,3,Pre-Arbitration,740000.00,198900.00,740000.00,-
Seattle Mariners,Rivas                   Leonardo Rivas,2B,,2,Pre-Arbitration,740000.00,381888.00,740000.00,-
Seattle Mariners,Robles                   Victor Robles,RF,5.033,0,Arbitration 3,740000.00,465426.00,740000.00,-
Seattle Mariners,Castillo                   Luis Castillo,SP,6.101,0,Veteran,24150000.00,24150000.00,22750000.00,1400000.00
Seattle Mariners,Garcia                   Yimi Garcia,RP,8.149,0,Veteran,6000000.00,2096770.00,6000000.00,-
Seattle Mariners,Haggerty                   Sam Haggerty,2B,3.044,0,Arbitration 1,900000.00,788757.00,900000.00,-
Seattle Mariners,Brash                   Matt Brash,RP,1.121,2,Pre-Arbitration,757600.00,757600.00,757600.00,-
Seattle Mariners,Miller                   Bryce Miller,SP,0.153,3,Pre-Arbitration,752600.00,752600.00,752600.00,-
Seattle Mariners,Kowar                   Jackson Kowar,SP,0.163,1,Pre-Arbitration,743000.00,743000.00,743000.00,-
St. Louis Cardinals,Arenado                   Nolan Arenado,3B,10.155,0,Veteran,35000000.00,24000000.00,35000000.00,-
St. Louis Cardinals,Goldschmidt                   Paul Goldschmidt,1B,12.059,0,Veteran,26000000.00,26000000.00,22000000.00,4000000.00
St. Louis Cardinals,Mikolas                   Miles Mikolas,SP,7.037,0,Veteran,17666667.00,17666667.00,16000000.00,1666667.00
St. Louis Cardinals,Matz                   Steven Matz,SP,8.099,0,Veteran,12500000.00,12500000.00,12000000.00,500000.00
St. Louis Cardinals,Gibson                   Kyle Gibson,SP,10.039,0,Veteran,12000000.00,12000000.00,12000000.00,-
St. Louis Cardinals,Fedde                   Erick Fedde,SP,4.099,0,Veteran,7500000.00,2500026.00,7500000.00,-
St. Louis Cardinals,Helsley                   Ryan Helsley,RP,4.105,0,Arbitration 2,3800000.00,3800000.00,3800000.00,-
St. Louis Cardinals,Kittredge                   Andrew Kittredge,RP,5.07,0,Arbitration 3,2630000.00,2630000.00,2630000.00,-
St. Louis Cardinals,King                   John King,RP,2.148,1,Arbitration 1 (S2),1005000.00,1005000.00,1005000.00,-
St. Louis Cardinals,Nootbaar                   Lars Nootbaar,LF,2.076,2,Pre-Arbitration,761000.00,761000.00,761000.00,-
St. Louis Cardinals,Donovan                   Brendan Donovan,2B,2,3,Pre-Arbitration,757200.00,757200.00,757200.00,-
St. Louis Cardinals,Pallante                   Andre Pallante,SP,1.166,1,Pre-Arbitration,756900.00,614419.00,756900.00,-
St. Louis Cardinals,Burleson                   Alec Burleson,DH,1.029,3,Pre-Arbitration,750050.00,750050.00,750050.00,-
St. Louis Cardinals,Walker                   Jordan Walker,RF,0.149,1,Pre-Arbitration,747450.00,265254.00,747450.00,-
St. Louis Cardinals,Liberatore                   Matthew Liberatore,RP,0.144,1,Pre-Arbitration,747200.00,747200.00,747200.00,-
St. Louis Cardinals,Herrera                   Iván Herrera,C,0.063,0,Pre-Arbitration,743150.00,567290.00,743150.00,-
St. Louis Cardinals,Winn                   Masyn Winn,SS,0.045,3,Pre-Arbitration,742250.00,742250.00,742250.00,-
St. Louis Cardinals,Siani                   Mike Siani,CF,0.033,2,Pre-Arbitration,741650.00,741650.00,741650.00,-
St. Louis Cardinals,O'Brien                   Riley O'Brien,RP,0.008,1,Pre-Arbitration,740450.00,676770.00,740450.00,-
St. Louis Cardinals,McGreevy                   Michael McGreevy,SP,,2,Pre-Arbitration,740000.00,47736.00,740000.00,-
St. Louis Cardinals,Saggese                   Thomas Saggese,SS,,3,Pre-Arbitration,740000.00,75582.00,740000.00,-
St. Louis Cardinals,Baker                   Luken Baker,1B,0.081,1,Pre-Arbitration,740000.00,159120.00,740000.00,-
St. Louis Cardinals,Roycroft                   Chris Roycroft,RP,,2,Pre-Arbitration,740000.00,262548.00,740000.00,-
St. Louis Cardinals,Fermin                   Jose Fermin,2B,0.07,1,Pre-Arbitration,740000.00,377910.00,740000.00,-
St. Louis Cardinals,Leahy                   Kyle Leahy,RP,0.017,1,Pre-Arbitration,740000.00,429624.00,740000.00,-
St. Louis Cardinals,Pages                   Pedro Pages,C,,2,Pre-Arbitration,740000.00,656370.00,740000.00,-
St. Louis Cardinals,Fernandez                   Ryan Fernandez,RP,,3,Pre-Arbitration,740000.00,740000.00,740000.00,-
St. Louis Cardinals,Carpenter                   Matt Carpenter,DH,11.145,0,Veteran,740000.00,740000.00,740000.00,-
St. Louis Cardinals,Contreras                   Willson Contreras,C,7.108,0,Veteran,18000000.00,18000000.00,18000000.00,-
St. Louis Cardinals,Lynn                   Lance Lynn,SP,12.119,0,Veteran,10000000.00,10000000.00,10000000.00,-
St. Louis Cardinals,Gray                   Sonny Gray,SP,10.061,0,Veteran,10000000.00,10000000.00,10000000.00,-
St. Louis Cardinals,Middleton                   Keynan Middleton,RP,6.023,0,Veteran,5000000.00,5000000.00,5000000.00,-
St. Louis Cardinals,Romero                   JoJo Romero,RP,3.045,0,Arbitration 1,860000.00,860000.00,860000.00,-
St. Louis Cardinals,Rom                   Drew Rom,P,0.044,2,Pre-Arbitration,742200.00,742200.00,742200.00,-
Tampa Bay Rays,Lowe                   Brandon Lowe,2B,5.058,0,Arbitration 3 Bypassed,8750000.00,8750000.00,8750000.00,-
Tampa Bay Rays,Diaz                   Yandy Diaz,1B,5.122,0,Arbitration 3 Bypassed,8000000.00,8000000.00,8000000.00,-
Tampa Bay Rays,Adam                   Jason Adam,RP,3.132,1,Arbitration 2 (S2),2700000.00,914508.00,2700000.00,-
Tampa Bay Rays,Poche                   Colin Poche,RP,4.14,0,Arbitration 2,2375000.00,2375000.00,2375000.00,-
Tampa Bay Rays,Carlson                   Dylan Carlson,LF,3.104,3,Arbitration 1,2350000.00,684946.00,2350000.00,-
Tampa Bay Rays,Alexander                   Tyler Alexander,RP,4.058,0,Arbitration 2,1950000.00,1950000.00,1950000.00,-
Tampa Bay Rays,Rasmussen                   Drew Rasmussen,RP,3.111,2,Arbitration 1,1862500.00,1862500.00,1862500.00,-
Tampa Bay Rays,Littell                   Zack Littell,SP,4.043,0,Arbitration 2,1850000.00,1850000.00,1850000.00,-
Tampa Bay Rays,Morel                   Christopher Morel,DH,1.117,0,Pre-Arbitration,767000.00,259812.00,767000.00,-
Tampa Bay Rays,Siri                   Jose Siri,CF,2.015,0,Pre-Arbitration,757800.00,757800.00,757800.00,-
Tampa Bay Rays,Walls                   Taylor Walls,SS,2.092,2,Pre-Arbitration,757300.00,757300.00,757300.00,-
Tampa Bay Rays,Lowe                   Josh Lowe,RF,1.093,1,Pre-Arbitration,755700.00,755700.00,755700.00,-
Tampa Bay Rays,Rortvedt                   Ben Rortvedt,C,2.043,0,Pre-Arbitration,755400.00,755400.00,755400.00,-
Tampa Bay Rays,Caballero                   José Caballero,SS,0.17,3,Pre-Arbitration,751700.00,751700.00,751700.00,-
Tampa Bay Rays,Cleavinger                   Garrett Cleavinger,RP,2.06,0,Pre-Arbitration,746900.00,746900.00,746900.00,-
Tampa Bay Rays,Palacios                   Richard Palacios,DH,0.156,1,Pre-Arbitration,745200.00,745200.00,745200.00,-
Tampa Bay Rays,Pepiot                   Ryan Pepiot,SP,1.005,1,Pre-Arbitration,744900.00,744900.00,744900.00,-
Tampa Bay Rays,Baz                   Shane Baz,SP,2.014,2,Pre-Arbitration,743600.00,571714.00,743600.00,-
Tampa Bay Rays,Bradley                   Taj Bradley,SP,0.114,2,Pre-Arbitration,743300.00,743300.00,743300.00,-
Tampa Bay Rays,Aranda                   Jonathan Aranda,1B,0.103,1,Pre-Arbitration,742800.00,391412.00,742800.00,-
Tampa Bay Rays,DeLuca                   Jonny DeLuca,OF,0.085,2,Pre-Arbitration,742400.00,742400.00,742400.00,-
Tampa Bay Rays,Montgomery                   Mason Montgomery,SP,,3,Pre-Arbitration,740000.00,95472.00,740000.00,-
Tampa Bay Rays,Driscoll                   Logan Driscoll,C,,3,Pre-Arbitration,740000.00,95923.00,740000.00,-
Tampa Bay Rays,Bigge                   Hunter Bigge,RP,,2,Pre-Arbitration,740000.00,159120.00,740000.00,-
Tampa Bay Rays,Caminero                   Junior Caminero,3B,0.01,2,Pre-Arbitration,740000.00,186966.00,740000.00,-
Tampa Bay Rays,Uceta                   Edwin Uceta,RP,1.048,0,Pre-Arbitration,740000.00,405756.00,740000.00,-
Tampa Bay Rays,Rodriguez                   Manuel Rodriguez,RP,1.029,0,Pre-Arbitration,740000.00,421668.00,740000.00,-
Tampa Bay Rays,Lovelady                   Richard Lovelady,RP,2.026,0,Pre-Arbitration,740000.00,525096.00,740000.00,-
Tampa Bay Rays,Kelly                   Kevin Kelly,RP,1,3,Pre-Arbitration,740000.00,672282.00,740000.00,-
Tampa Bay Rays,Springs                   Jeffrey Springs,SP,5.055,0,Arbitration 3 Bypassed,5250000.00,5250000.00,5250000.00,-
Tampa Bay Rays,Fairbanks                   Pete Fairbanks,RP,4.057,0,Arbitration 2 Bypassed,3816666.00,3816666.00,3816666.00,-
Tampa Bay Rays,McClanahan                   Shane McClanahan,SP,2.158,2,Arbitration 1 (S2),3600000.00,3600000.00,3600000.00,-
Tampa Bay Rays,Waguespack                   Jacob Waguespack,SP,1.091,1,Veteran,756000.00,662595.00,756000.00,-
Texas Rangers,deGrom                   Jacob deGrom,SP,9.139,0,Veteran,40000000.00,40000000.00,40000000.00,-
Texas Rangers,Semien                   Marcus Semien,2B,9.118,0,Veteran,26000000.00,26000000.00,26000000.00,-
Texas Rangers,Eovaldi                   Nathan Eovaldi,SP,12.013,0,Veteran,20000000.00,20000000.00,16000000.00,1000000.00
Texas Rangers,Heaney                   Andrew Heaney,SP,8.15,0,Veteran,13000000.00,13000000.00,13000000.00,-
Texas Rangers,Robertson                   David Robertson,RP,14.119,0,Veteran,10000000.00,5000000.00,10000000.00,-
Texas Rangers,Lowe                   Nathaniel Lowe,1B,3.145,1,Arbitration 2 (S2),7500000.00,7500000.00,7500000.00,-
Texas Rangers,Leclerc                   Jose Leclerc,RP,7.041,0,Veteran,6250000.00,6250000.00,6250000.00,-
Texas Rangers,Chafin                   Andrew Chafin,RP,9.02,0,Veteran,4875000.00,1995940.00,4250000.00,-
Texas Rangers,García                   Adolis García,RF,3.095,1,arbitration-avoided-numbers-exchanged,4750000.00,4750000.00,4750000.00,-
Texas Rangers,Yates                   Kirby Yates,RP,9.021,0,Veteran,4500000.00,4500000.00,4500000.00,-
Texas Rangers,Kelly                   Carson Kelly,C,5.161,0,Arbitration 4 (S2),3500000.00,1166654.00,3500000.00,-
Texas Rangers,Dunning                   Dane Dunning,SP,3.083,1,Arbitration 1,3325000.00,3325000.00,3325000.00,-
Texas Rangers,Heim                   Jonah Heim,C,3.097,2,Arbitration 1,3050000.00,3050000.00,3050000.00,-
Texas Rangers,Taveras                   Leody Taveras,CF,2.124,0,Arbitration 1 (S2),2550000.00,2550000.00,2550000.00,-
Texas Rangers,Jankowski                   Travis Jankowski,DH,6.153,0,Veteran,1700000.00,1700000.00,1700000.00,-
Texas Rangers,Sborz                   Josh Sborz,RP,3.055,0,Arbitration 1,1025000.00,1025000.00,1025000.00,-
Texas Rangers,Duffy                   Matt Duffy,3B,8.059,0,Veteran,1000000.00,26882.00,1000000.00,-
Texas Rangers,Duran                   Ezequiel Duran,2B,1.072,1,Pre-Arbitration,754500.00,620568.00,754500.00,-
Texas Rangers,Smith                   Josh H. Smith,DH,1.129,3,Pre-Arbitration,749500.00,749500.00,749500.00,-
Texas Rangers,Bradford                   Cody Bradford,RP,0.086,2,Pre-Arbitration,748500.00,748500.00,748500.00,-
Texas Rangers,Church                   Marc Church,RP,,2,Pre-Arbitration,740000.00,7956.00,740000.00,-
Texas Rangers,Harris                   Dustin Harris,3B,,1,Pre-Arbitration,740000.00,19890.00,740000.00,-
Texas Rangers,Robert                   Daniel Robert,RP,,2,Pre-Arbitration,740000.00,59670.00,740000.00,-
Texas Rangers,Festa                   Matt Festa,RP,1.119,0,Pre-Arbitration,740000.00,194922.00,740000.00,-
Texas Rangers,Ornelas                   Jonathan Ornelas,SS,0.03,1,Pre-Arbitration,740000.00,238680.00,740000.00,-
Texas Rangers,Garabito                   Gerson Garabito,RP,,2,Pre-Arbitration,740000.00,250614.00,740000.00,-
Texas Rangers,Foscue                   Justin Foscue,2B,,2,Pre-Arbitration,740000.00,489294.00,740000.00,-
Texas Rangers,Langford                   Wyatt Langford,LF,,3,Pre-Arbitration,740000.00,740000.00,740000.00,-
Texas Rangers,Scherzer                   Max Scherzer,SP,15.079,0,Veteran,43333334.00,12500000.00,43333334.00,-
Texas Rangers,Seager                   Corey Seager,SS,8.032,0,Veteran,35000000.00,35000000.00,34500000.00,500000.00
Texas Rangers,Gray                   Jon Gray,SP,8.062,0,Veteran,13000000.00,13000000.00,13000000.00,-
Texas Rangers,Mahle                   Tyler Mahle,SP,6.018,0,Veteran,5500000.00,5500000.00,5500000.00,-
Texas Rangers,Ureña                   José Ureña,RP,7.045,0,Veteran,1500000.00,1500000.00,1500000.00,-
Texas Rangers,Jung                   Josh Jung,3B,1.027,3,Pre-Arbitration,756000.00,756000.00,756000.00,-
Texas Rangers,Anderson                   Grant Anderson,RP,0.083,1,Pre-Arbitration,746000.00,365001.00,746000.00,-
Texas Rangers,Carter                   Evan Carter,LF,0.024,3,Pre-Arbitration,745000.00,745000.00,745000.00,-
Texas Rangers,Winn                   Cole Winn,RP,,1,Pre-Arbitration,740000.00,159120.00,740000.00,-
Texas Rangers,Coleman                   Carson Coleman,P,,5,Pre-Arbitration,740000.00,740000.00,740000.00,-
Toronto Blue Jays,Springer                   George Springer,RF,9.166,0,Veteran,24166666.00,24166666.00,22500000.00,1666667.00
Toronto Blue Jays,Gausman                   Kevin Gausman,SP,9.151,0,Veteran,24000000.00,24000000.00,24000000.00,-
Toronto Blue Jays,Bassitt                   Chris Bassitt,SP,7.13,0,Veteran,22000000.00,22000000.00,21000000.00,1000000.00
Toronto Blue Jays,Guerrero Jr.                   Vladimir Guerrero Jr.,1B,4.157,0,Arbitration 3 (S2),19900000.00,19900000.00,19900000.00,-
Toronto Blue Jays,Berríos                   José Berríos,SP,7.044,0,Veteran,18000000.00,18000000.00,17000000.00,1000000.00
Toronto Blue Jays,Green                   Chad Green,RP,7.05,0,Veteran,10500000.00,10500000.00,10500000.00,-
Toronto Blue Jays,Yarbrough                   Ryan Yarbrough,RP,5.117,0,Arbitration 3,3900000.00,1300000.00,3900000.00,-
Toronto Blue Jays,Kirk                   Alejandro Kirk,C,3.047,3,Arbitration 1,2800000.00,2800000.00,2800000.00,-
Toronto Blue Jays,Swanson                   Erik Swanson,RP,4.096,0,Arbitration 2,2750000.00,2750000.00,2750000.00,-
Toronto Blue Jays,Cabrera                   Genesis Cabrera,RP,4.011,0,Arbitration 2,1512500.00,1512500.00,1512500.00,-
Toronto Blue Jays,Tate                   Dillon Tate,RP,4.048,1,Arbitration 2,1500000.00,225820.00,1500000.00,-
Toronto Blue Jays,Clement                   Ernie Clement,SS,1.168,0,Pre-Arbitration,757700.00,757700.00,757700.00,-
Toronto Blue Jays,Francis                   Bowden Francis,SP,0.098,1,Pre-Arbitration,748000.00,691784.00,748000.00,-
Toronto Blue Jays,Schneider                   Davis Schneider,3B,0.059,3,Pre-Arbitration,744900.00,744900.00,744900.00,-
Toronto Blue Jays,Robertson                   Nick Robertson,RP,0.063,1,Pre-Arbitration,740000.00,7956.00,740000.00,-
Toronto Blue Jays,de Geus                   Brett de Geus,RP,1,2,Pre-Arbitration,740000.00,15912.00,740000.00,-
Toronto Blue Jays,Clase                   Jonatan Clase,OF,,1,Pre-Arbitration,740000.00,39780.00,740000.00,-
Toronto Blue Jays,Heineman                   Tyler Heineman,C,2.02,0,Pre-Arbitration,740000.00,47736.00,740000.00,-
Toronto Blue Jays,Lukes                   Nathan Lukes,CF,0.112,1,Pre-Arbitration,740000.00,123318.00,740000.00,-
Toronto Blue Jays,Eisert                   Brandon Eisert,RP,,2,Pre-Arbitration,740000.00,135268.00,740000.00,-
Toronto Blue Jays,De Los Santos                   Luis De Los Santos,SS,,2,Pre-Arbitration,740000.00,167076.00,740000.00,-
Toronto Blue Jays,Loperfido                   Joey Loperfido,LF,,2,Pre-Arbitration,740000.00,238680.00,740000.00,-
Toronto Blue Jays,Berroa                   Steward Berroa,OF,,2,Pre-Arbitration,740000.00,286416.00,740000.00,-
Toronto Blue Jays,Jimenez                   Leonardo Jimenez,SS,,1,Pre-Arbitration,740000.00,350064.00,740000.00,-
Toronto Blue Jays,Burr                   Ryan Burr,RP,1.143,0,Pre-Arbitration,740000.00,369954.00,740000.00,-
Toronto Blue Jays,Barger                   Addison Barger,3B,,1,Pre-Arbitration,740000.00,405756.00,740000.00,-
Toronto Blue Jays,Horwitz                   Spencer Horwitz,1B,0.037,1,Pre-Arbitration,740000.00,453492.00,740000.00,-
Toronto Blue Jays,Little                   Brendon Little,RP,0.003,2,Pre-Arbitration,740000.00,517140.00,740000.00,-
Toronto Blue Jays,Bichette                   Bo Bichette,SS,4.063,0,Arbitration 2 Bypassed,12083333.00,12083333.00,11000000.00,1083333.00
Toronto Blue Jays,Romano                   Jordan Romano,RP,4.051,0,Arbitration 2,7750000.00,7750000.00,7750000.00,-
Toronto Blue Jays,Varsho                   Daulton Varsho,CF,3.128,2,Arbitration 2 (S2),5650000.00,5650000.00,5650000.00,-
Toronto Blue Jays,Manoah                   Alek Manoah,SP,2.063,2,Pre-Arbitration,782500.00,782500.00,782500.00,-
Toronto Blue Jays,Wagner                   Will Wagner,2B,,3,Pre-Arbitration,740000.00,190944.00,740000.00,-
Washington Nationals,Corbin                   Patrick Corbin,SP,11.105,0,Veteran,35416670.00,25000000.00,35000000.00,416670.00
Washington Nationals,Williams                   Trevor Williams,SP,7.027,0,Veteran,7000000.00,7000000.00,7000000.00,-
Washington Nationals,Ruiz                   Keibert Ruiz,C,2.064,0,Pre-Arbitration Bypassed,6375000.00,6375000.00,6000000.00,375000.00
Washington Nationals,Finnegan                   Kyle Finnegan,RP,4,0,Arbitration 2,5100000.00,5100000.00,5100000.00,-
Washington Nationals,Gallo                   Joey Gallo,1B,7.103,0,Veteran,2700000.00,2700000.00,2500000.00,-
Washington Nationals,Law                   Derek Law,RP,4.081,0,Veteran,2000000.00,2000000.00,1500000.00,-
Washington Nationals,Garcia                   Luis Garcia,2B,2.142,0,Arbitration 1 (S2),1950000.00,1950000.00,1950000.00,-
Washington Nationals,Rainey                   Tanner Rainey,RP,4.127,0,Arbitration 3 (S2),1500000.00,1500000.00,1500000.00,-
Washington Nationals,Vargas                   Ildemaro Vargas,2B,4.007,0,Arbitration 2,1100000.00,1100000.00,1100000.00,-
Washington Nationals,Garrett                   Stone Garrett,LF,1.05,2,Pre-Arbitration,798600.00,145996.00,798600.00,-
Washington Nationals,Gore                   MacKenzie Gore,SP,2,3,Pre-Arbitration,749600.00,749600.00,749600.00,-
Washington Nationals,Irvin                   Jake Irvin,SP,0.152,2,Pre-Arbitration,745600.00,745600.00,745600.00,-
Washington Nationals,Ferrer                   José Ferrer,RP,0.094,2,Pre-Arbitration,743000.00,743000.00,743000.00,-
Washington Nationals,Garcia                   Robert Garcia,RP,0.073,3,Pre-Arbitration,742800.00,742800.00,742800.00,-
Washington Nationals,Rutledge                   Jackson Rutledge,SP,0.019,1,Pre-Arbitration,740000.00,23742.00,740000.00,-
Washington Nationals,Baker                   Darren Baker,2B,,3,Pre-Arbitration,740000.00,111384.00,740000.00,-
Washington Nationals,Crews                   Dylan Crews,RF,,3,Pre-Arbitration,740000.00,138495.00,740000.00,-
Washington Nationals,La Sorsa                   Joe La Sorsa,RP,0.088,2,Pre-Arbitration,740000.00,171054.00,740000.00,-
Washington Nationals,Tena                   José Tena,3B,0.042,1,Pre-Arbitration,740000.00,198900.00,740000.00,-
Washington Nationals,Salazar                   Eduardo Salazar,RP,0.021,1,Pre-Arbitration,740000.00,298350.00,740000.00,-
Washington Nationals,Millas                   Drew Millas,C,0.035,2,Pre-Arbitration,740000.00,320517.00,740000.00,-
Washington Nationals,Yepez                   Juan Yepez,1B,1.018,1,Pre-Arbitration,740000.00,342108.00,740000.00,-
Washington Nationals,Wood                   James Wood,LF,,3,Pre-Arbitration,740000.00,360087.00,740000.00,-
Washington Nationals,Lipscomb                   Trey Lipscomb,3B,,2,Pre-Arbitration,740000.00,391743.00,740000.00,-
Washington Nationals,Barnes                   Jacob Barnes,RP,5.112,0,Veteran,740000.00,655080.00,740000.00,-
Washington Nationals,Parker                   Mitchell Parker,SP,,3,Pre-Arbitration,740000.00,664776.00,740000.00,-
Washington Nationals,Young                   Jacob Young,CF,0.037,3,Pre-Arbitration,740000.00,712260.00,740000.00,-
Washington Nationals,Nunez                   Nasim Nunez,SS,,3,Pre-Arbitration,740000.00,740000.00,740000.00,-
Washington Nationals,Strasburg                   Stephen Strasburg,SP,13.118,0,Veteran,35000000.00,23571429.00,35000000.00,-
Washington Nationals,Gray                   Josiah Gray,SP,2.075,3,Pre-Arbitration,757400.00,757400.00,757400.00,-
Washington Nationals,Thompson                   Mason Thompson,RP,2.046,1,Pre-Arbitration,749200.00,749200.00,749200.00,-
Washington Nationals,Cavalli                   Cade Cavalli,SP,1.041,3,Pre-Arbitration,740200.00,740200.00,740200.00,-
Washington Nationals,Adon                   Joan Adon,SP,0.137,0,Pre-Arbitration,740000.00,238680.00,740000.00,-
Washington Nationals,Call                   Alex Call,LF,1.082,2,Pre-Arbitration,740000.00,290394.00,740000.00,-
